provisional_id,miRNA_common_name,miRNA_category,total_count,miRDeep2_score,significant_randfold_p.value,consensus_mature_sequence,seed,5p_consistency,16nt_complimentarity,2nt_3p_overhang
Acerv_scaffold_0_318,Acerv_scaffold_0_318,unique,731,374.9,yes,ugaggccauaaauugaagugu,gaggcca,yes,yes,yes
Acerv_scaffold_0_406,miRNA_5-3p,acroporids,498230,254583.6,yes,caagugagagaagguuagugugg,aagugag,yes,yes,yes
Acerv_scaffold_0_551,miRNA_29,acroporids,555,295.2,yes,uuauggauaucaguuuucuuuc,uauggau,yes,yes,yes
Acerv_scaffold_1_1115,miRNA_100,cnidarian,11749206,6029437.7,yes,ucccguagauccgaacuugugg,cccguag,yes,yes,no
Acerv_scaffold_1_691,miRNA_2036,cnidarian,18278,10539.8,yes,uauauuguacgacucucaucgugu,auauugu,yes,yes,yes
Acerv_scaffold_11_7131,miRNA_2037,cnidarian,23887,12198.3,yes,ugugauuggagacuuuuaucgu,gugauug,yes,yes,no
Acerv_scaffold_112_40019,Acerv_scaffold_112_40019,unique,263,137.6,yes,ugugaggugaugguugauucgg,gugaggu,yes,yes,yes
Acerv_scaffold_116_40356,Acerv_scaffold_116_40356,unique,1436,741.4,yes,ugaacaagucaauaagauagaac,gaacaag,yes,yes,yes
Acerv_scaffold_120_41029,Acerv_scaffold_120_41029,unique,135,80.6,yes,auugaaguguauuuggguuaug,uugaagu,yes,yes,yes
Acerv_scaffold_13_8678,miRNA_7,acroporids,9990,5488.9,yes,ucauaacagugaggaccauucu,cauaaca,yes,yes,yes
Acerv_scaffold_14_8906,Acerv_scaffold_14_8906,unique,1211,654.3,yes,uauuacugaggccaggaacgga,auuacug,yes,yes,yes
Acerv_scaffold_14_8954,miRNA_3-3p,acroporids,9493,5390.1,yes,uguucucugcaauagccugccuc,guucucu,yes,yes,yes
Acerv_scaffold_14_8987,miRNA_19,acroporids,3553,1703.5,yes,ucaugggcuauugacccguagc,caugggc,yes,yes,no
Acerv_scaffold_15_9107,Acerv_scaffold_15_9107,unique,848,435.8,yes,uuuguuuugucuuuguacaucg,uuguuuu,yes,yes,yes
Acerv_scaffold_151_44408,Acerv_scaffold_151_44408,unique,1203,623.9,yes,ucgccauuguaaacgcccauaca,cgccauu,yes,yes,yes
Acerv_scaffold_151_44415,miRNA_2030,cnidarian,153343,78715.2,yes,uagcauaacauuguaagagauc,agcauaa,yes,yes,yes
Acerv_scaffold_159_44966,Acerv_scaffold_159_44966,unique,7008,3533.5,yes,uaaucggacaggucaacuugga,aaucgga,yes,yes,yes
Acerv_scaffold_16_9509,Acerv_scaffold_16_9509,unique,650,333.1,yes,caccguaagaaaaggcucugcu,accguaa,yes,yes,yes
Acerv_scaffold_16_9855,Acerv_scaffold_16_9855,unique,12992,6559.7,yes,uuuccauguuguuaacccuuuu,uuccaug,yes,yes,yes
Acerv_scaffold_17_10230,Acerv_scaffold_17_10230,unique,209739,113545.4,yes,uuaaaauuucgucuuugucaga,uaaaauu,yes,yes,yes
Acerv_scaffold_2_1277,Acerv_scaffold_2_1277,unique,209,109.1,yes,uucacuggauuuuauaggcagcu,ucacugg,yes,yes,yes
Acerv_scaffold_2_1653,miRNA_4,acroporids,41979,23603,yes,aaaaaugucgguugcuuaagcu,aaaaugu,yes,yes,yes
Acerv_scaffold_2_1658,miRNA_8-3p,acroporids,55937,28625,no,acugcagcuaaauacuccgcugc,cugcagc,yes,yes,yes
Acerv_scaffold_20_11433,Acerv_scaffold_20_11433,unique,163,83.9,yes,uucguuuaucuuuuugcggugua,ucguuua,yes,yes,yes
Acerv_scaffold_20_11778,Acerv_scaffold_20_11778,unique,78,46.9,yes,uuaagacucaagagguugagu,uaagacu,yes,yes,yes
Acerv_scaffold_23_13918,miRNA_14,cnidarian,49497,25479.2,yes,caauguuucggcuuguucccg,aauguuu,yes,yes,yes
Acerv_scaffold_23_14008,Acerv_scaffold_23_14008,unique,319,164.4,yes,acuucaauucaugagccuugug,cuucaau,yes,yes,yes
Acerv_scaffold_23_14072,Acerv_scaffold_23_14072,unique,3851,1963.3,yes,augaucauagcauuuucuuugca,ugaucau,yes,yes,yes
Acerv_scaffold_23_14118,Acerv_scaffold_23_14118,unique,65,36.4,yes,uuauucuuaccugcugccaugg,uauucuu,yes,yes,yes
Acerv_scaffold_23_14151,miRNA_5,acroporids,708040,362431.2,yes,uuucaaauuaggaagggagguguu,uucaaau,yes,yes,no
Acerv_scaffold_26_14789,Acerv_scaffold_26_14789,unique,24375,12463,yes,uaaaaacauacaucagucagcu,aaaaaca,yes,yes,yes
Acerv_scaffold_28_16063,miRNA_2050,cnidarian,468,313.9,yes,uuugauugcugugaucugguua,uugauug,no,yes,yes
Acerv_scaffold_28_16363,Acerv_scaffold_28_16363,unique,70734,36964.7,yes,uaguuuacaggcucaacuuugcu,aguuuac,yes,yes,yes
Acerv_scaffold_3_1884,Acerv_scaffold_3_1884,unique,4480,2318.7,yes,uuugguuaacccuaaggaauua,uugguua,yes,yes,yes
Acerv_scaffold_3_2245,Acerv_scaffold_3_2245,unique,487688,250671.5,yes,uaggcguauuuccgauuguccu,aggcgua,yes,yes,yes
Acerv_scaffold_32_17956,Acerv_scaffold_32_17956,unique,228,128.3,yes,ucucagaccaaauaauccagcu,cucagac,yes,yes,yes
Acerv_scaffold_33_18099,Acerv_scaffold_33_18099,unique,9814,2.6,yes,auuuuuagucaacaagaaagugg,uuuuuag,yes,yes,yes
Acerv_scaffold_33_18101,Acerv_scaffold_33_18101,unique,5089,2608.5,yes,ucugagucaauagcccauucgg,cugaguc,yes,yes,yes
Acerv_scaffold_34_18301,miRNA_7-3p,acroporids,10358,5633.5,yes,uugaguuuucaacuauuggauu,ugaguuu,yes,yes,yes
Acerv_scaffold_36_19235,Acerv_scaffold_36_19235,unique,6580,3385,yes,uuagucaaggacaucguucucau,uagucaa,yes,yes,yes
Acerv_scaffold_38_19930,Acerv_scaffold_38_19930,unique,160,82.3,yes,caaagugagguuuuauuuuuga,aaaguga,yes,yes,yes
Acerv_scaffold_4_2537,Acerv_scaffold_4_2537,unique,137,70.3,yes,uuuuggaucaucacgcaacacc,uuuggau,yes,yes,yes
Acerv_scaffold_40_20559,miRNA_1-3p,acroporids,831387,424835.5,yes,uuaacgaguagauaaaugaagag,uaacgag,yes,yes,yes
Acerv_scaffold_40_20599,miRNA_33,acroporids,1868,968.2,yes,acgcuaggaagggaugccggga,cgcuagg,yes,yes,no
Acerv_scaffold_43_22758,miRNA_2022,cnidarian,6063,3367.5,yes,uuugcuaguugcuuuugucccgu,uugcuag,yes,yes,no
Acerv_scaffold_48_24090,Acerv_scaffold_48_24090,unique,941,497.8,yes,auuaauuccauguacaccguu,uuaauuc,yes,yes,yes
Acerv_scaffold_49_24339,miRNA_2023,cnidarian,2228130,1136778.3,yes,aaagaaguacaagugguaggg,aagaagu,yes,yes,yes
Acerv_scaffold_50_24648,Acerv_scaffold_50_24648,unique,33508,17415.6,yes,aauguuguaugaagugcgguau,auguugu,yes,yes,yes
Acerv_scaffold_51_24751,Acerv_scaffold_51_24751,unique,649,342.9,yes,ucgagggaaaguuuuugauuuugg,cgaggga,yes,yes,yes
Acerv_scaffold_52_25695,miRNA_4-3p,acroporids,98874,53935,yes,uuuuugugauguucgucaauau,uuuugug,yes,yes,yes
Acerv_scaffold_52_25822,miRNA_17-3p,acroporids,1735388,904653.7,yes,uaaagcuuuugugaagaaacacg,aaagcuu,yes,yes,yes
Acerv_scaffold_53_25934,miRNA_13,acroporids,21764,11137.7,yes,uaaggaggaagcaugauacgua,aaggagg,yes,yes,yes
Acerv_scaffold_54_26073,Acerv_scaffold_54_26073,unique,744,380.3,yes,ugaaguacaugauccucacaguu,gaaguac,yes,yes,yes
Acerv_scaffold_57_26966,Acerv_scaffold_57_26966,unique,357,182.2,yes,uaggcaccuuguggauaugugua,aggcacc,yes,yes,yes
Acerv_scaffold_57_27039,Acerv_scaffold_57_27039,unique,3294,1712.1,yes,aguagaacauuuuagaaaacauu,guagaac,yes,yes,yes
Acerv_scaffold_6_3852,miRNA_10,acroporids,224,117,yes,ucggacaccuguaauuggaua,cggacac,yes,yes,yes
Acerv_scaffold_64_30361,Acerv_scaffold_64_30361,unique,45,26,yes,uuaccuggccucaacauuguu,uaccugg,yes,yes,yes
Acerv_scaffold_66_30962,miRNA_24-3p,acroporids,8077,4134.6,yes,uauugaaauaagauuggauaua,auugaaa,yes,yes,yes
Acerv_scaffold_69_31523,miRNA_2,acroporids,425803,231186.1,yes,uacaaaaacaagaugagugcagg,acaaaaa,yes,yes,yes
Acerv_scaffold_72_32054,Acerv_scaffold_72_32054,unique,3788,1941.3,yes,aucaaaauugagcaugccucca,ucaaaau,yes,yes,yes
Acerv_scaffold_72_32076,miRNA_2-3p,acroporids,125633,65047.1,yes,ucuggcaguauguuauuuuuccaau,cuggcag,yes,yes,no
Acerv_scaffold_79_33834,Acerv_scaffold_79_33834,unique,162,83.5,yes,ucgucacagagaaggcucugggg,cgucaca,yes,yes,yes
Acerv_scaffold_8_5139,Acerv_scaffold_8_5139,unique,221,117.5,yes,cauggaaaauuauuugauuuugg,auggaaa,yes,yes,yes
Acerv_scaffold_84_34634,Acerv_scaffold_84_34634,unique,463,237,yes,uuguauuuuuggauaguuugau,uguauuu,yes,yes,yes
Acerv_scaffold_9_6161,miRNA_2025,cnidarian,37547,19402.6,yes,auuuuuagcccgcggaaguugc,uuuuuag,yes,yes,yes
Acerv_scaffold_9_6292,Acerv_scaffold_9_6292,unique,39,22.4,yes,uuaaugcaacagaaagcugaug,uaaugca,yes,yes,yes
Acerv_scaffold_98_38275,miRNA_9425,cnidarian,40735,22258.3,yes,aagaacacccaaaauagcugagga,agaacac,yes,yes,no