microRNA,sample_id,n
Acerv_scaffold_0_318,310,3
Acerv_scaffold_0_318,312,15
Acerv_scaffold_0_318,313,1
Acerv_scaffold_0_318,314,7
Acerv_scaffold_0_318,315,3
Acerv_scaffold_0_318,316,10
Acerv_scaffold_0_318,317,7
Acerv_scaffold_0_318,318,2
Acerv_scaffold_0_318,319,5
Acerv_scaffold_0_318,320,6
Acerv_scaffold_0_318,321,2
Acerv_scaffold_0_318,322,4
Acerv_scaffold_0_318,323,2
Acerv_scaffold_0_318,324,5
Acerv_scaffold_0_318,710,10
Acerv_scaffold_0_318,711,7
Acerv_scaffold_0_318,712,47
Acerv_scaffold_0_318,713,22
Acerv_scaffold_0_318,714,12
Acerv_scaffold_0_318,715,10
Acerv_scaffold_0_318,716,11
Acerv_scaffold_0_318,717,22
Acerv_scaffold_0_318,718,86
Acerv_scaffold_0_318,719,6
Acerv_scaffold_0_318,720,33
Acerv_scaffold_0_318,721,18
Acerv_scaffold_0_318,722,14
Acerv_scaffold_0_318,723,85
Acerv_scaffold_0_318,724,22
Acerv_scaffold_0_318,T31,3
Acerv_scaffold_0_318,T32,1
Acerv_scaffold_0_318,T33,3
Acerv_scaffold_0_318,T34,11
Acerv_scaffold_0_318,T35,12
Acerv_scaffold_0_318,T36,12
Acerv_scaffold_0_318,T37,2
Acerv_scaffold_0_318,T38,11
Acerv_scaffold_0_318,T39,11
Acerv_scaffold_0_318,T71,7
Acerv_scaffold_0_318,T72,22
Acerv_scaffold_0_318,T73,27
Acerv_scaffold_0_318,T74,86
Acerv_scaffold_0_318,T75,13
Acerv_scaffold_0_318,T76,3
Acerv_scaffold_0_318,T77,16
Acerv_scaffold_0_318,T78,4
Acerv_scaffold_0_318,T79,10
Acerv_scaffold_0_406,310,5316
Acerv_scaffold_0_406,311,2435
Acerv_scaffold_0_406,312,9504
Acerv_scaffold_0_406,313,2779
Acerv_scaffold_0_406,314,5782
Acerv_scaffold_0_406,315,5712
Acerv_scaffold_0_406,316,7412
Acerv_scaffold_0_406,317,11934
Acerv_scaffold_0_406,318,3063
Acerv_scaffold_0_406,319,9740
Acerv_scaffold_0_406,320,11217
Acerv_scaffold_0_406,321,4472
Acerv_scaffold_0_406,322,9867
Acerv_scaffold_0_406,323,5357
Acerv_scaffold_0_406,324,9248
Acerv_scaffold_0_406,710,4463
Acerv_scaffold_0_406,711,3472
Acerv_scaffold_0_406,712,12270
Acerv_scaffold_0_406,713,8437
Acerv_scaffold_0_406,714,19631
Acerv_scaffold_0_406,715,6332
Acerv_scaffold_0_406,716,7878
Acerv_scaffold_0_406,717,15038
Acerv_scaffold_0_406,718,38587
Acerv_scaffold_0_406,719,4326
Acerv_scaffold_0_406,720,12070
Acerv_scaffold_0_406,721,10168
Acerv_scaffold_0_406,722,4324
Acerv_scaffold_0_406,723,40614
Acerv_scaffold_0_406,724,11132
Acerv_scaffold_0_406,T31,8734
Acerv_scaffold_0_406,T32,5132
Acerv_scaffold_0_406,T33,6919
Acerv_scaffold_0_406,T34,16750
Acerv_scaffold_0_406,T35,11434
Acerv_scaffold_0_406,T36,11067
Acerv_scaffold_0_406,T37,8018
Acerv_scaffold_0_406,T38,13104
Acerv_scaffold_0_406,T39,11923
Acerv_scaffold_0_406,T71,3913
Acerv_scaffold_0_406,T72,10375
Acerv_scaffold_0_406,T73,10320
Acerv_scaffold_0_406,T74,33322
Acerv_scaffold_0_406,T75,15685
Acerv_scaffold_0_406,T76,4254
Acerv_scaffold_0_406,T77,14918
Acerv_scaffold_0_406,T78,2292
Acerv_scaffold_0_406,T79,7490
Acerv_scaffold_0_551,310,3
Acerv_scaffold_0_551,311,2
Acerv_scaffold_0_551,312,10
Acerv_scaffold_0_551,314,2
Acerv_scaffold_0_551,315,3
Acerv_scaffold_0_551,316,4
Acerv_scaffold_0_551,317,4
Acerv_scaffold_0_551,318,1
Acerv_scaffold_0_551,319,3
Acerv_scaffold_0_551,320,1
Acerv_scaffold_0_551,321,2
Acerv_scaffold_0_551,322,3
Acerv_scaffold_0_551,323,5
Acerv_scaffold_0_551,324,3
Acerv_scaffold_0_551,710,3
Acerv_scaffold_0_551,712,10
Acerv_scaffold_0_551,713,8
Acerv_scaffold_0_551,714,28
Acerv_scaffold_0_551,715,1
Acerv_scaffold_0_551,717,16
Acerv_scaffold_0_551,718,79
Acerv_scaffold_0_551,719,6
Acerv_scaffold_0_551,720,34
Acerv_scaffold_0_551,721,8
Acerv_scaffold_0_551,722,1
Acerv_scaffold_0_551,723,88
Acerv_scaffold_0_551,724,17
Acerv_scaffold_0_551,T31,1
Acerv_scaffold_0_551,T32,1
Acerv_scaffold_0_551,T34,7
Acerv_scaffold_0_551,T35,4
Acerv_scaffold_0_551,T36,6
Acerv_scaffold_0_551,T37,4
Acerv_scaffold_0_551,T38,1
Acerv_scaffold_0_551,T39,10
Acerv_scaffold_0_551,T71,7
Acerv_scaffold_0_551,T72,8
Acerv_scaffold_0_551,T73,15
Acerv_scaffold_0_551,T74,90
Acerv_scaffold_0_551,T75,28
Acerv_scaffold_0_551,T76,11
Acerv_scaffold_0_551,T77,6
Acerv_scaffold_0_551,T78,6
Acerv_scaffold_0_551,T79,5
Acerv_scaffold_112_40019,310,2
Acerv_scaffold_112_40019,311,2
Acerv_scaffold_112_40019,312,4
Acerv_scaffold_112_40019,313,1
Acerv_scaffold_112_40019,315,2
Acerv_scaffold_112_40019,316,3
Acerv_scaffold_112_40019,317,3
Acerv_scaffold_112_40019,318,1
Acerv_scaffold_112_40019,319,6
Acerv_scaffold_112_40019,320,4
Acerv_scaffold_112_40019,322,3
Acerv_scaffold_112_40019,323,5
Acerv_scaffold_112_40019,324,6
Acerv_scaffold_112_40019,710,3
Acerv_scaffold_112_40019,712,6
Acerv_scaffold_112_40019,713,6
Acerv_scaffold_112_40019,714,15
Acerv_scaffold_112_40019,715,6
Acerv_scaffold_112_40019,716,8
Acerv_scaffold_112_40019,717,13
Acerv_scaffold_112_40019,718,16
Acerv_scaffold_112_40019,719,2
Acerv_scaffold_112_40019,720,9
Acerv_scaffold_112_40019,721,4
Acerv_scaffold_112_40019,722,7
Acerv_scaffold_112_40019,723,25
Acerv_scaffold_112_40019,724,6
Acerv_scaffold_112_40019,T32,4
Acerv_scaffold_112_40019,T33,4
Acerv_scaffold_112_40019,T34,2
Acerv_scaffold_112_40019,T35,4
Acerv_scaffold_112_40019,T36,5
Acerv_scaffold_112_40019,T38,5
Acerv_scaffold_112_40019,T39,6
Acerv_scaffold_112_40019,T71,4
Acerv_scaffold_112_40019,T72,5
Acerv_scaffold_112_40019,T73,10
Acerv_scaffold_112_40019,T74,24
Acerv_scaffold_112_40019,T75,9
Acerv_scaffold_112_40019,T76,1
Acerv_scaffold_112_40019,T77,2
Acerv_scaffold_112_40019,T79,10
Acerv_scaffold_116_40356,310,13
Acerv_scaffold_116_40356,311,5
Acerv_scaffold_116_40356,312,35
Acerv_scaffold_116_40356,313,1
Acerv_scaffold_116_40356,314,12
Acerv_scaffold_116_40356,315,8
Acerv_scaffold_116_40356,316,7
Acerv_scaffold_116_40356,317,8
Acerv_scaffold_116_40356,319,18
Acerv_scaffold_116_40356,320,7
Acerv_scaffold_116_40356,321,4
Acerv_scaffold_116_40356,322,8
Acerv_scaffold_116_40356,323,27
Acerv_scaffold_116_40356,324,7
Acerv_scaffold_116_40356,710,14
Acerv_scaffold_116_40356,711,3
Acerv_scaffold_116_40356,712,33
Acerv_scaffold_116_40356,713,23
Acerv_scaffold_116_40356,714,70
Acerv_scaffold_116_40356,715,17
Acerv_scaffold_116_40356,716,35
Acerv_scaffold_116_40356,717,54
Acerv_scaffold_116_40356,718,110
Acerv_scaffold_116_40356,719,20
Acerv_scaffold_116_40356,720,65
Acerv_scaffold_116_40356,721,30
Acerv_scaffold_116_40356,722,22
Acerv_scaffold_116_40356,723,192
Acerv_scaffold_116_40356,724,66
Acerv_scaffold_116_40356,T31,1
Acerv_scaffold_116_40356,T33,5
Acerv_scaffold_116_40356,T34,29
Acerv_scaffold_116_40356,T35,18
Acerv_scaffold_116_40356,T36,23
Acerv_scaffold_116_40356,T37,2
Acerv_scaffold_116_40356,T38,7
Acerv_scaffold_116_40356,T39,15
Acerv_scaffold_116_40356,T71,20
Acerv_scaffold_116_40356,T72,21
Acerv_scaffold_116_40356,T73,44
Acerv_scaffold_116_40356,T74,170
Acerv_scaffold_116_40356,T75,78
Acerv_scaffold_116_40356,T76,12
Acerv_scaffold_116_40356,T77,56
Acerv_scaffold_116_40356,T78,7
Acerv_scaffold_116_40356,T79,14
Acerv_scaffold_11_7131,310,174
Acerv_scaffold_11_7131,311,64
Acerv_scaffold_11_7131,312,452
Acerv_scaffold_11_7131,313,19
Acerv_scaffold_11_7131,314,380
Acerv_scaffold_11_7131,315,113
Acerv_scaffold_11_7131,316,195
Acerv_scaffold_11_7131,317,302
Acerv_scaffold_11_7131,318,37
Acerv_scaffold_11_7131,319,502
Acerv_scaffold_11_7131,320,160
Acerv_scaffold_11_7131,321,94
Acerv_scaffold_11_7131,322,327
Acerv_scaffold_11_7131,323,147
Acerv_scaffold_11_7131,324,278
Acerv_scaffold_11_7131,710,160
Acerv_scaffold_11_7131,711,160
Acerv_scaffold_11_7131,712,389
Acerv_scaffold_11_7131,713,232
Acerv_scaffold_11_7131,714,1740
Acerv_scaffold_11_7131,715,417
Acerv_scaffold_11_7131,716,425
Acerv_scaffold_11_7131,717,893
Acerv_scaffold_11_7131,718,1700
Acerv_scaffold_11_7131,719,337
Acerv_scaffold_11_7131,720,1088
Acerv_scaffold_11_7131,721,1166
Acerv_scaffold_11_7131,722,202
Acerv_scaffold_11_7131,723,2603
Acerv_scaffold_11_7131,724,718
Acerv_scaffold_11_7131,T31,79
Acerv_scaffold_11_7131,T32,36
Acerv_scaffold_11_7131,T33,159
Acerv_scaffold_11_7131,T34,613
Acerv_scaffold_11_7131,T35,379
Acerv_scaffold_11_7131,T36,328
Acerv_scaffold_11_7131,T37,168
Acerv_scaffold_11_7131,T38,185
Acerv_scaffold_11_7131,T39,327
Acerv_scaffold_11_7131,T71,199
Acerv_scaffold_11_7131,T72,480
Acerv_scaffold_11_7131,T73,1000
Acerv_scaffold_11_7131,T74,2193
Acerv_scaffold_11_7131,T75,790
Acerv_scaffold_11_7131,T76,188
Acerv_scaffold_11_7131,T77,675
Acerv_scaffold_11_7131,T78,192
Acerv_scaffold_11_7131,T79,422
Acerv_scaffold_120_41029,310,1
Acerv_scaffold_120_41029,312,4
Acerv_scaffold_120_41029,314,2
Acerv_scaffold_120_41029,315,2
Acerv_scaffold_120_41029,316,3
Acerv_scaffold_120_41029,317,1
Acerv_scaffold_120_41029,319,2
Acerv_scaffold_120_41029,321,1
Acerv_scaffold_120_41029,322,3
Acerv_scaffold_120_41029,323,1
Acerv_scaffold_120_41029,324,1
Acerv_scaffold_120_41029,710,7
Acerv_scaffold_120_41029,711,1
Acerv_scaffold_120_41029,712,4
Acerv_scaffold_120_41029,713,3
Acerv_scaffold_120_41029,714,4
Acerv_scaffold_120_41029,715,2
Acerv_scaffold_120_41029,716,2
Acerv_scaffold_120_41029,717,7
Acerv_scaffold_120_41029,718,13
Acerv_scaffold_120_41029,719,1
Acerv_scaffold_120_41029,720,4
Acerv_scaffold_120_41029,721,1
Acerv_scaffold_120_41029,723,18
Acerv_scaffold_120_41029,724,2
Acerv_scaffold_120_41029,T33,2
Acerv_scaffold_120_41029,T34,1
Acerv_scaffold_120_41029,T35,2
Acerv_scaffold_120_41029,T38,3
Acerv_scaffold_120_41029,T39,2
Acerv_scaffold_120_41029,T71,1
Acerv_scaffold_120_41029,T72,2
Acerv_scaffold_120_41029,T73,7
Acerv_scaffold_120_41029,T74,11
Acerv_scaffold_120_41029,T75,7
Acerv_scaffold_120_41029,T76,1
Acerv_scaffold_120_41029,T77,5
Acerv_scaffold_120_41029,T78,1
Acerv_scaffold_13_8678,310,55
Acerv_scaffold_13_8678,311,16
Acerv_scaffold_13_8678,312,206
Acerv_scaffold_13_8678,313,11
Acerv_scaffold_13_8678,314,74
Acerv_scaffold_13_8678,315,50
Acerv_scaffold_13_8678,316,78
Acerv_scaffold_13_8678,317,91
Acerv_scaffold_13_8678,318,19
Acerv_scaffold_13_8678,319,152
Acerv_scaffold_13_8678,320,49
Acerv_scaffold_13_8678,321,12
Acerv_scaffold_13_8678,322,52
Acerv_scaffold_13_8678,323,57
Acerv_scaffold_13_8678,324,62
Acerv_scaffold_13_8678,710,138
Acerv_scaffold_13_8678,711,77
Acerv_scaffold_13_8678,712,269
Acerv_scaffold_13_8678,713,207
Acerv_scaffold_13_8678,714,415
Acerv_scaffold_13_8678,715,86
Acerv_scaffold_13_8678,716,219
Acerv_scaffold_13_8678,717,386
Acerv_scaffold_13_8678,718,937
Acerv_scaffold_13_8678,719,133
Acerv_scaffold_13_8678,720,384
Acerv_scaffold_13_8678,721,246
Acerv_scaffold_13_8678,722,77
Acerv_scaffold_13_8678,723,1272
Acerv_scaffold_13_8678,724,373
Acerv_scaffold_13_8678,T31,27
Acerv_scaffold_13_8678,T32,23
Acerv_scaffold_13_8678,T33,58
Acerv_scaffold_13_8678,T34,389
Acerv_scaffold_13_8678,T35,131
Acerv_scaffold_13_8678,T36,63
Acerv_scaffold_13_8678,T37,52
Acerv_scaffold_13_8678,T38,45
Acerv_scaffold_13_8678,T39,112
Acerv_scaffold_13_8678,T71,127
Acerv_scaffold_13_8678,T72,256
Acerv_scaffold_13_8678,T73,182
Acerv_scaffold_13_8678,T74,1080
Acerv_scaffold_13_8678,T75,674
Acerv_scaffold_13_8678,T76,120
Acerv_scaffold_13_8678,T77,217
Acerv_scaffold_13_8678,T78,51
Acerv_scaffold_13_8678,T79,180
Acerv_scaffold_14_8906,310,11
Acerv_scaffold_14_8906,311,4
Acerv_scaffold_14_8906,312,6
Acerv_scaffold_14_8906,313,5
Acerv_scaffold_14_8906,314,14
Acerv_scaffold_14_8906,315,6
Acerv_scaffold_14_8906,316,9
Acerv_scaffold_14_8906,317,19
Acerv_scaffold_14_8906,318,11
Acerv_scaffold_14_8906,319,7
Acerv_scaffold_14_8906,320,11
Acerv_scaffold_14_8906,321,11
Acerv_scaffold_14_8906,322,9
Acerv_scaffold_14_8906,323,11
Acerv_scaffold_14_8906,324,33
Acerv_scaffold_14_8906,710,20
Acerv_scaffold_14_8906,711,4
Acerv_scaffold_14_8906,712,18
Acerv_scaffold_14_8906,713,16
Acerv_scaffold_14_8906,714,24
Acerv_scaffold_14_8906,715,18
Acerv_scaffold_14_8906,716,19
Acerv_scaffold_14_8906,717,17
Acerv_scaffold_14_8906,718,115
Acerv_scaffold_14_8906,719,13
Acerv_scaffold_14_8906,720,33
Acerv_scaffold_14_8906,721,39
Acerv_scaffold_14_8906,722,15
Acerv_scaffold_14_8906,723,137
Acerv_scaffold_14_8906,724,35
Acerv_scaffold_14_8906,T31,14
Acerv_scaffold_14_8906,T32,5
Acerv_scaffold_14_8906,T33,7
Acerv_scaffold_14_8906,T34,74
Acerv_scaffold_14_8906,T35,31
Acerv_scaffold_14_8906,T36,26
Acerv_scaffold_14_8906,T37,9
Acerv_scaffold_14_8906,T38,17
Acerv_scaffold_14_8906,T39,37
Acerv_scaffold_14_8906,T71,13
Acerv_scaffold_14_8906,T72,16
Acerv_scaffold_14_8906,T73,27
Acerv_scaffold_14_8906,T74,117
Acerv_scaffold_14_8906,T75,57
Acerv_scaffold_14_8906,T76,12
Acerv_scaffold_14_8906,T77,42
Acerv_scaffold_14_8906,T78,8
Acerv_scaffold_14_8906,T79,9
Acerv_scaffold_14_8954,310,74
Acerv_scaffold_14_8954,311,122
Acerv_scaffold_14_8954,312,161
Acerv_scaffold_14_8954,313,21
Acerv_scaffold_14_8954,314,102
Acerv_scaffold_14_8954,315,214
Acerv_scaffold_14_8954,316,125
Acerv_scaffold_14_8954,317,75
Acerv_scaffold_14_8954,318,54
Acerv_scaffold_14_8954,319,140
Acerv_scaffold_14_8954,320,158
Acerv_scaffold_14_8954,321,78
Acerv_scaffold_14_8954,322,225
Acerv_scaffold_14_8954,323,215
Acerv_scaffold_14_8954,324,144
Acerv_scaffold_14_8954,710,98
Acerv_scaffold_14_8954,711,23
Acerv_scaffold_14_8954,712,191
Acerv_scaffold_14_8954,713,108
Acerv_scaffold_14_8954,714,545
Acerv_scaffold_14_8954,715,118
Acerv_scaffold_14_8954,716,164
Acerv_scaffold_14_8954,717,203
Acerv_scaffold_14_8954,718,768
Acerv_scaffold_14_8954,719,107
Acerv_scaffold_14_8954,720,334
Acerv_scaffold_14_8954,721,76
Acerv_scaffold_14_8954,722,50
Acerv_scaffold_14_8954,723,1035
Acerv_scaffold_14_8954,724,131
Acerv_scaffold_14_8954,T31,151
Acerv_scaffold_14_8954,T32,94
Acerv_scaffold_14_8954,T33,188
Acerv_scaffold_14_8954,T34,418
Acerv_scaffold_14_8954,T35,187
Acerv_scaffold_14_8954,T36,143
Acerv_scaffold_14_8954,T37,123
Acerv_scaffold_14_8954,T38,280
Acerv_scaffold_14_8954,T39,169
Acerv_scaffold_14_8954,T71,36
Acerv_scaffold_14_8954,T72,206
Acerv_scaffold_14_8954,T73,273
Acerv_scaffold_14_8954,T74,774
Acerv_scaffold_14_8954,T75,239
Acerv_scaffold_14_8954,T76,46
Acerv_scaffold_14_8954,T77,153
Acerv_scaffold_14_8954,T78,39
Acerv_scaffold_14_8954,T79,115
Acerv_scaffold_14_8987,310,54
Acerv_scaffold_14_8987,311,19
Acerv_scaffold_14_8987,312,65
Acerv_scaffold_14_8987,313,3
Acerv_scaffold_14_8987,314,47
Acerv_scaffold_14_8987,315,29
Acerv_scaffold_14_8987,316,37
Acerv_scaffold_14_8987,317,40
Acerv_scaffold_14_8987,318,11
Acerv_scaffold_14_8987,319,72
Acerv_scaffold_14_8987,320,26
Acerv_scaffold_14_8987,321,17
Acerv_scaffold_14_8987,322,44
Acerv_scaffold_14_8987,323,33
Acerv_scaffold_14_8987,324,22
Acerv_scaffold_14_8987,710,34
Acerv_scaffold_14_8987,711,19
Acerv_scaffold_14_8987,712,36
Acerv_scaffold_14_8987,713,50
Acerv_scaffold_14_8987,714,244
Acerv_scaffold_14_8987,715,46
Acerv_scaffold_14_8987,716,78
Acerv_scaffold_14_8987,717,56
Acerv_scaffold_14_8987,718,289
Acerv_scaffold_14_8987,719,54
Acerv_scaffold_14_8987,720,171
Acerv_scaffold_14_8987,721,112
Acerv_scaffold_14_8987,722,59
Acerv_scaffold_14_8987,723,415
Acerv_scaffold_14_8987,724,82
Acerv_scaffold_14_8987,T31,19
Acerv_scaffold_14_8987,T32,21
Acerv_scaffold_14_8987,T33,26
Acerv_scaffold_14_8987,T34,135
Acerv_scaffold_14_8987,T35,59
Acerv_scaffold_14_8987,T36,46
Acerv_scaffold_14_8987,T37,22
Acerv_scaffold_14_8987,T38,33
Acerv_scaffold_14_8987,T39,55
Acerv_scaffold_14_8987,T71,11
Acerv_scaffold_14_8987,T72,55
Acerv_scaffold_14_8987,T73,79
Acerv_scaffold_14_8987,T74,366
Acerv_scaffold_14_8987,T75,135
Acerv_scaffold_14_8987,T76,45
Acerv_scaffold_14_8987,T77,101
Acerv_scaffold_14_8987,T78,29
Acerv_scaffold_14_8987,T79,52
Acerv_scaffold_151_44408,310,24
Acerv_scaffold_151_44408,311,6
Acerv_scaffold_151_44408,312,69
Acerv_scaffold_151_44408,313,5
Acerv_scaffold_151_44408,314,28
Acerv_scaffold_151_44408,315,25
Acerv_scaffold_151_44408,316,16
Acerv_scaffold_151_44408,317,10
Acerv_scaffold_151_44408,319,60
Acerv_scaffold_151_44408,320,20
Acerv_scaffold_151_44408,321,14
Acerv_scaffold_151_44408,322,44
Acerv_scaffold_151_44408,323,12
Acerv_scaffold_151_44408,324,6
Acerv_scaffold_151_44408,710,17
Acerv_scaffold_151_44408,711,14
Acerv_scaffold_151_44408,712,38
Acerv_scaffold_151_44408,713,8
Acerv_scaffold_151_44408,714,49
Acerv_scaffold_151_44408,715,8
Acerv_scaffold_151_44408,716,8
Acerv_scaffold_151_44408,717,21
Acerv_scaffold_151_44408,718,67
Acerv_scaffold_151_44408,719,8
Acerv_scaffold_151_44408,720,43
Acerv_scaffold_151_44408,721,28
Acerv_scaffold_151_44408,722,14
Acerv_scaffold_151_44408,723,88
Acerv_scaffold_151_44408,724,26
Acerv_scaffold_151_44408,T31,29
Acerv_scaffold_151_44408,T32,9
Acerv_scaffold_151_44408,T33,31
Acerv_scaffold_151_44408,T34,16
Acerv_scaffold_151_44408,T35,9
Acerv_scaffold_151_44408,T36,24
Acerv_scaffold_151_44408,T37,17
Acerv_scaffold_151_44408,T38,24
Acerv_scaffold_151_44408,T39,19
Acerv_scaffold_151_44408,T71,10
Acerv_scaffold_151_44408,T72,26
Acerv_scaffold_151_44408,T73,41
Acerv_scaffold_151_44408,T74,79
Acerv_scaffold_151_44408,T75,20
Acerv_scaffold_151_44408,T76,4
Acerv_scaffold_151_44408,T77,38
Acerv_scaffold_151_44408,T78,3
Acerv_scaffold_151_44408,T79,28
Acerv_scaffold_151_44415,310,717
Acerv_scaffold_151_44415,311,199
Acerv_scaffold_151_44415,312,4149
Acerv_scaffold_151_44415,313,76
Acerv_scaffold_151_44415,314,1953
Acerv_scaffold_151_44415,315,492
Acerv_scaffold_151_44415,316,1959
Acerv_scaffold_151_44415,317,1168
Acerv_scaffold_151_44415,318,114
Acerv_scaffold_151_44415,319,4213
Acerv_scaffold_151_44415,320,1041
Acerv_scaffold_151_44415,321,405
Acerv_scaffold_151_44415,322,1045
Acerv_scaffold_151_44415,323,1027
Acerv_scaffold_151_44415,324,671
Acerv_scaffold_151_44415,710,1987
Acerv_scaffold_151_44415,711,1674
Acerv_scaffold_151_44415,712,4405
Acerv_scaffold_151_44415,713,3143
Acerv_scaffold_151_44415,714,5781
Acerv_scaffold_151_44415,715,2108
Acerv_scaffold_151_44415,716,2606
Acerv_scaffold_151_44415,717,6540
Acerv_scaffold_151_44415,718,13204
Acerv_scaffold_151_44415,719,1830
Acerv_scaffold_151_44415,720,4325
Acerv_scaffold_151_44415,721,3638
Acerv_scaffold_151_44415,722,1243
Acerv_scaffold_151_44415,723,21708
Acerv_scaffold_151_44415,724,4497
Acerv_scaffold_151_44415,T31,234
Acerv_scaffold_151_44415,T32,288
Acerv_scaffold_151_44415,T33,603
Acerv_scaffold_151_44415,T34,3379
Acerv_scaffold_151_44415,T35,1221
Acerv_scaffold_151_44415,T36,2028
Acerv_scaffold_151_44415,T37,856
Acerv_scaffold_151_44415,T38,800
Acerv_scaffold_151_44415,T39,1429
Acerv_scaffold_151_44415,T71,1262
Acerv_scaffold_151_44415,T72,4005
Acerv_scaffold_151_44415,T73,3582
Acerv_scaffold_151_44415,T74,18287
Acerv_scaffold_151_44415,T75,7017
Acerv_scaffold_151_44415,T76,1405
Acerv_scaffold_151_44415,T77,4803
Acerv_scaffold_151_44415,T78,1227
Acerv_scaffold_151_44415,T79,2999
Acerv_scaffold_159_44966,310,53
Acerv_scaffold_159_44966,311,13
Acerv_scaffold_159_44966,312,122
Acerv_scaffold_159_44966,313,30
Acerv_scaffold_159_44966,314,48
Acerv_scaffold_159_44966,315,84
Acerv_scaffold_159_44966,316,60
Acerv_scaffold_159_44966,317,138
Acerv_scaffold_159_44966,318,50
Acerv_scaffold_159_44966,319,124
Acerv_scaffold_159_44966,320,104
Acerv_scaffold_159_44966,321,48
Acerv_scaffold_159_44966,322,58
Acerv_scaffold_159_44966,323,62
Acerv_scaffold_159_44966,324,123
Acerv_scaffold_159_44966,710,38
Acerv_scaffold_159_44966,711,35
Acerv_scaffold_159_44966,712,271
Acerv_scaffold_159_44966,713,75
Acerv_scaffold_159_44966,714,222
Acerv_scaffold_159_44966,715,98
Acerv_scaffold_159_44966,716,72
Acerv_scaffold_159_44966,717,211
Acerv_scaffold_159_44966,718,727
Acerv_scaffold_159_44966,719,39
Acerv_scaffold_159_44966,720,230
Acerv_scaffold_159_44966,721,104
Acerv_scaffold_159_44966,722,60
Acerv_scaffold_159_44966,723,868
Acerv_scaffold_159_44966,724,127
Acerv_scaffold_159_44966,T31,63
Acerv_scaffold_159_44966,T32,33
Acerv_scaffold_159_44966,T33,49
Acerv_scaffold_159_44966,T34,257
Acerv_scaffold_159_44966,T35,147
Acerv_scaffold_159_44966,T36,113
Acerv_scaffold_159_44966,T37,85
Acerv_scaffold_159_44966,T38,189
Acerv_scaffold_159_44966,T39,229
Acerv_scaffold_159_44966,T71,70
Acerv_scaffold_159_44966,T72,139
Acerv_scaffold_159_44966,T73,187
Acerv_scaffold_159_44966,T74,679
Acerv_scaffold_159_44966,T75,213
Acerv_scaffold_159_44966,T76,73
Acerv_scaffold_159_44966,T77,83
Acerv_scaffold_159_44966,T78,22
Acerv_scaffold_159_44966,T79,83
Acerv_scaffold_15_9107,310,9
Acerv_scaffold_15_9107,312,12
Acerv_scaffold_15_9107,314,3
Acerv_scaffold_15_9107,315,4
Acerv_scaffold_15_9107,316,8
Acerv_scaffold_15_9107,317,9
Acerv_scaffold_15_9107,319,7
Acerv_scaffold_15_9107,320,4
Acerv_scaffold_15_9107,321,7
Acerv_scaffold_15_9107,322,6
Acerv_scaffold_15_9107,323,10
Acerv_scaffold_15_9107,324,5
Acerv_scaffold_15_9107,710,10
Acerv_scaffold_15_9107,711,3
Acerv_scaffold_15_9107,712,22
Acerv_scaffold_15_9107,713,14
Acerv_scaffold_15_9107,714,29
Acerv_scaffold_15_9107,715,23
Acerv_scaffold_15_9107,716,43
Acerv_scaffold_15_9107,717,18
Acerv_scaffold_15_9107,718,74
Acerv_scaffold_15_9107,719,17
Acerv_scaffold_15_9107,720,37
Acerv_scaffold_15_9107,721,19
Acerv_scaffold_15_9107,722,12
Acerv_scaffold_15_9107,723,92
Acerv_scaffold_15_9107,724,31
Acerv_scaffold_15_9107,T31,1
Acerv_scaffold_15_9107,T33,3
Acerv_scaffold_15_9107,T34,24
Acerv_scaffold_15_9107,T35,12
Acerv_scaffold_15_9107,T36,6
Acerv_scaffold_15_9107,T37,3
Acerv_scaffold_15_9107,T38,5
Acerv_scaffold_15_9107,T39,6
Acerv_scaffold_15_9107,T71,16
Acerv_scaffold_15_9107,T72,21
Acerv_scaffold_15_9107,T73,22
Acerv_scaffold_15_9107,T74,91
Acerv_scaffold_15_9107,T75,63
Acerv_scaffold_15_9107,T76,9
Acerv_scaffold_15_9107,T77,15
Acerv_scaffold_15_9107,T78,5
Acerv_scaffold_15_9107,T79,18
Acerv_scaffold_16_9509,310,4
Acerv_scaffold_16_9509,311,3
Acerv_scaffold_16_9509,312,20
Acerv_scaffold_16_9509,313,5
Acerv_scaffold_16_9509,314,3
Acerv_scaffold_16_9509,315,8
Acerv_scaffold_16_9509,316,6
Acerv_scaffold_16_9509,317,7
Acerv_scaffold_16_9509,318,1
Acerv_scaffold_16_9509,319,14
Acerv_scaffold_16_9509,320,6
Acerv_scaffold_16_9509,321,2
Acerv_scaffold_16_9509,322,6
Acerv_scaffold_16_9509,323,14
Acerv_scaffold_16_9509,324,7
Acerv_scaffold_16_9509,710,5
Acerv_scaffold_16_9509,711,4
Acerv_scaffold_16_9509,712,34
Acerv_scaffold_16_9509,713,8
Acerv_scaffold_16_9509,714,46
Acerv_scaffold_16_9509,715,3
Acerv_scaffold_16_9509,716,2
Acerv_scaffold_16_9509,717,23
Acerv_scaffold_16_9509,718,63
Acerv_scaffold_16_9509,719,5
Acerv_scaffold_16_9509,720,16
Acerv_scaffold_16_9509,721,16
Acerv_scaffold_16_9509,723,80
Acerv_scaffold_16_9509,724,6
Acerv_scaffold_16_9509,T31,2
Acerv_scaffold_16_9509,T32,5
Acerv_scaffold_16_9509,T33,3
Acerv_scaffold_16_9509,T34,20
Acerv_scaffold_16_9509,T35,15
Acerv_scaffold_16_9509,T36,7
Acerv_scaffold_16_9509,T37,3
Acerv_scaffold_16_9509,T38,8
Acerv_scaffold_16_9509,T39,19
Acerv_scaffold_16_9509,T71,23
Acerv_scaffold_16_9509,T72,9
Acerv_scaffold_16_9509,T73,21
Acerv_scaffold_16_9509,T74,62
Acerv_scaffold_16_9509,T75,21
Acerv_scaffold_16_9509,T76,2
Acerv_scaffold_16_9509,T77,2
Acerv_scaffold_16_9509,T78,4
Acerv_scaffold_16_9509,T79,7
Acerv_scaffold_16_9855,310,92
Acerv_scaffold_16_9855,311,45
Acerv_scaffold_16_9855,312,381
Acerv_scaffold_16_9855,313,22
Acerv_scaffold_16_9855,314,81
Acerv_scaffold_16_9855,315,57
Acerv_scaffold_16_9855,316,160
Acerv_scaffold_16_9855,317,105
Acerv_scaffold_16_9855,318,11
Acerv_scaffold_16_9855,319,320
Acerv_scaffold_16_9855,320,112
Acerv_scaffold_16_9855,321,104
Acerv_scaffold_16_9855,322,63
Acerv_scaffold_16_9855,323,135
Acerv_scaffold_16_9855,324,71
Acerv_scaffold_16_9855,710,210
Acerv_scaffold_16_9855,711,126
Acerv_scaffold_16_9855,712,196
Acerv_scaffold_16_9855,713,293
Acerv_scaffold_16_9855,714,627
Acerv_scaffold_16_9855,715,286
Acerv_scaffold_16_9855,716,480
Acerv_scaffold_16_9855,717,603
Acerv_scaffold_16_9855,718,960
Acerv_scaffold_16_9855,719,145
Acerv_scaffold_16_9855,720,442
Acerv_scaffold_16_9855,721,280
Acerv_scaffold_16_9855,722,269
Acerv_scaffold_16_9855,723,1330
Acerv_scaffold_16_9855,724,484
Acerv_scaffold_16_9855,T31,36
Acerv_scaffold_16_9855,T32,44
Acerv_scaffold_16_9855,T33,71
Acerv_scaffold_16_9855,T34,357
Acerv_scaffold_16_9855,T35,124
Acerv_scaffold_16_9855,T36,274
Acerv_scaffold_16_9855,T37,126
Acerv_scaffold_16_9855,T38,59
Acerv_scaffold_16_9855,T39,132
Acerv_scaffold_16_9855,T71,226
Acerv_scaffold_16_9855,T72,635
Acerv_scaffold_16_9855,T73,214
Acerv_scaffold_16_9855,T74,1133
Acerv_scaffold_16_9855,T75,455
Acerv_scaffold_16_9855,T76,91
Acerv_scaffold_16_9855,T77,204
Acerv_scaffold_16_9855,T78,36
Acerv_scaffold_16_9855,T79,285
Acerv_scaffold_17_10230,310,1178
Acerv_scaffold_17_10230,311,670
Acerv_scaffold_17_10230,312,2438
Acerv_scaffold_17_10230,313,123
Acerv_scaffold_17_10230,314,857
Acerv_scaffold_17_10230,315,152
Acerv_scaffold_17_10230,316,1144
Acerv_scaffold_17_10230,317,643
Acerv_scaffold_17_10230,318,136
Acerv_scaffold_17_10230,319,1714
Acerv_scaffold_17_10230,320,1119
Acerv_scaffold_17_10230,321,210
Acerv_scaffold_17_10230,322,819
Acerv_scaffold_17_10230,323,312
Acerv_scaffold_17_10230,324,902
Acerv_scaffold_17_10230,710,2698
Acerv_scaffold_17_10230,711,1987
Acerv_scaffold_17_10230,712,4493
Acerv_scaffold_17_10230,713,4992
Acerv_scaffold_17_10230,714,15885
Acerv_scaffold_17_10230,715,4704
Acerv_scaffold_17_10230,716,4790
Acerv_scaffold_17_10230,717,8350
Acerv_scaffold_17_10230,718,14990
Acerv_scaffold_17_10230,719,4010
Acerv_scaffold_17_10230,720,9728
Acerv_scaffold_17_10230,721,12923
Acerv_scaffold_17_10230,722,3099
Acerv_scaffold_17_10230,723,28505
Acerv_scaffold_17_10230,724,6193
Acerv_scaffold_17_10230,T31,174
Acerv_scaffold_17_10230,T32,209
Acerv_scaffold_17_10230,T33,307
Acerv_scaffold_17_10230,T34,2102
Acerv_scaffold_17_10230,T35,1211
Acerv_scaffold_17_10230,T36,1215
Acerv_scaffold_17_10230,T37,648
Acerv_scaffold_17_10230,T38,457
Acerv_scaffold_17_10230,T39,818
Acerv_scaffold_17_10230,T71,1611
Acerv_scaffold_17_10230,T72,6067
Acerv_scaffold_17_10230,T73,11936
Acerv_scaffold_17_10230,T74,24090
Acerv_scaffold_17_10230,T75,8095
Acerv_scaffold_17_10230,T76,2986
Acerv_scaffold_17_10230,T77,4097
Acerv_scaffold_17_10230,T78,1589
Acerv_scaffold_17_10230,T79,2363
Acerv_scaffold_1_1115,310,107862
Acerv_scaffold_1_1115,311,26032
Acerv_scaffold_1_1115,312,256151
Acerv_scaffold_1_1115,313,39169
Acerv_scaffold_1_1115,314,120634
Acerv_scaffold_1_1115,315,81310
Acerv_scaffold_1_1115,316,163475
Acerv_scaffold_1_1115,317,229322
Acerv_scaffold_1_1115,318,50028
Acerv_scaffold_1_1115,319,271472
Acerv_scaffold_1_1115,320,218954
Acerv_scaffold_1_1115,321,75673
Acerv_scaffold_1_1115,322,161428
Acerv_scaffold_1_1115,323,89420
Acerv_scaffold_1_1115,324,154712
Acerv_scaffold_1_1115,710,131282
Acerv_scaffold_1_1115,711,102436
Acerv_scaffold_1_1115,712,267058
Acerv_scaffold_1_1115,713,168838
Acerv_scaffold_1_1115,714,385880
Acerv_scaffold_1_1115,715,197439
Acerv_scaffold_1_1115,716,151314
Acerv_scaffold_1_1115,717,483275
Acerv_scaffold_1_1115,718,1093522
Acerv_scaffold_1_1115,719,72410
Acerv_scaffold_1_1115,720,302645
Acerv_scaffold_1_1115,721,277978
Acerv_scaffold_1_1115,722,114396
Acerv_scaffold_1_1115,723,1280294
Acerv_scaffold_1_1115,724,331883
Acerv_scaffold_1_1115,T31,102303
Acerv_scaffold_1_1115,T32,95735
Acerv_scaffold_1_1115,T33,110161
Acerv_scaffold_1_1115,T34,363901
Acerv_scaffold_1_1115,T35,198863
Acerv_scaffold_1_1115,T36,224854
Acerv_scaffold_1_1115,T37,178912
Acerv_scaffold_1_1115,T38,214835
Acerv_scaffold_1_1115,T39,238808
Acerv_scaffold_1_1115,T71,82258
Acerv_scaffold_1_1115,T72,276696
Acerv_scaffold_1_1115,T73,272038
Acerv_scaffold_1_1115,T74,1073697
Acerv_scaffold_1_1115,T75,304191
Acerv_scaffold_1_1115,T76,88419
Acerv_scaffold_1_1115,T77,281177
Acerv_scaffold_1_1115,T78,51484
Acerv_scaffold_1_1115,T79,184582
Acerv_scaffold_1_691,310,152
Acerv_scaffold_1_691,311,44
Acerv_scaffold_1_691,312,287
Acerv_scaffold_1_691,313,4
Acerv_scaffold_1_691,314,225
Acerv_scaffold_1_691,315,44
Acerv_scaffold_1_691,316,186
Acerv_scaffold_1_691,317,130
Acerv_scaffold_1_691,318,8
Acerv_scaffold_1_691,319,268
Acerv_scaffold_1_691,320,84
Acerv_scaffold_1_691,321,66
Acerv_scaffold_1_691,322,175
Acerv_scaffold_1_691,323,179
Acerv_scaffold_1_691,324,90
Acerv_scaffold_1_691,710,268
Acerv_scaffold_1_691,711,158
Acerv_scaffold_1_691,712,387
Acerv_scaffold_1_691,713,357
Acerv_scaffold_1_691,714,1195
Acerv_scaffold_1_691,715,282
Acerv_scaffold_1_691,716,345
Acerv_scaffold_1_691,717,600
Acerv_scaffold_1_691,718,1450
Acerv_scaffold_1_691,719,408
Acerv_scaffold_1_691,720,674
Acerv_scaffold_1_691,721,692
Acerv_scaffold_1_691,722,185
Acerv_scaffold_1_691,723,2332
Acerv_scaffold_1_691,724,674
Acerv_scaffold_1_691,T31,30
Acerv_scaffold_1_691,T32,38
Acerv_scaffold_1_691,T33,92
Acerv_scaffold_1_691,T34,400
Acerv_scaffold_1_691,T35,197
Acerv_scaffold_1_691,T36,211
Acerv_scaffold_1_691,T37,112
Acerv_scaffold_1_691,T38,104
Acerv_scaffold_1_691,T39,153
Acerv_scaffold_1_691,T71,144
Acerv_scaffold_1_691,T72,565
Acerv_scaffold_1_691,T73,463
Acerv_scaffold_1_691,T74,1908
Acerv_scaffold_1_691,T75,767
Acerv_scaffold_1_691,T76,141
Acerv_scaffold_1_691,T77,604
Acerv_scaffold_1_691,T78,120
Acerv_scaffold_1_691,T79,280
Acerv_scaffold_20_11433,310,1
Acerv_scaffold_20_11433,311,2
Acerv_scaffold_20_11433,312,6
Acerv_scaffold_20_11433,315,1
Acerv_scaffold_20_11433,316,1
Acerv_scaffold_20_11433,317,2
Acerv_scaffold_20_11433,319,1
Acerv_scaffold_20_11433,323,1
Acerv_scaffold_20_11433,324,1
Acerv_scaffold_20_11433,710,2
Acerv_scaffold_20_11433,712,5
Acerv_scaffold_20_11433,713,3
Acerv_scaffold_20_11433,714,2
Acerv_scaffold_20_11433,716,5
Acerv_scaffold_20_11433,717,8
Acerv_scaffold_20_11433,718,16
Acerv_scaffold_20_11433,719,1
Acerv_scaffold_20_11433,720,7
Acerv_scaffold_20_11433,721,2
Acerv_scaffold_20_11433,722,4
Acerv_scaffold_20_11433,723,11
Acerv_scaffold_20_11433,724,6
Acerv_scaffold_20_11433,T32,1
Acerv_scaffold_20_11433,T33,1
Acerv_scaffold_20_11433,T34,7
Acerv_scaffold_20_11433,T35,6
Acerv_scaffold_20_11433,T36,1
Acerv_scaffold_20_11433,T37,3
Acerv_scaffold_20_11433,T38,3
Acerv_scaffold_20_11433,T39,3
Acerv_scaffold_20_11433,T72,8
Acerv_scaffold_20_11433,T73,14
Acerv_scaffold_20_11433,T74,12
Acerv_scaffold_20_11433,T75,10
Acerv_scaffold_20_11433,T77,3
Acerv_scaffold_20_11433,T78,2
Acerv_scaffold_20_11433,T79,1
Acerv_scaffold_20_11778,315,1
Acerv_scaffold_20_11778,317,1
Acerv_scaffold_20_11778,322,1
Acerv_scaffold_20_11778,324,1
Acerv_scaffold_20_11778,710,1
Acerv_scaffold_20_11778,712,9
Acerv_scaffold_20_11778,715,2
Acerv_scaffold_20_11778,716,5
Acerv_scaffold_20_11778,717,1
Acerv_scaffold_20_11778,718,6
Acerv_scaffold_20_11778,719,1
Acerv_scaffold_20_11778,720,2
Acerv_scaffold_20_11778,721,1
Acerv_scaffold_20_11778,722,1
Acerv_scaffold_20_11778,723,19
Acerv_scaffold_20_11778,724,3
Acerv_scaffold_20_11778,T34,2
Acerv_scaffold_20_11778,T38,1
Acerv_scaffold_20_11778,T71,1
Acerv_scaffold_20_11778,T73,2
Acerv_scaffold_20_11778,T74,6
Acerv_scaffold_20_11778,T75,8
Acerv_scaffold_20_11778,T76,2
Acerv_scaffold_20_11778,T78,1
Acerv_scaffold_23_13918,310,872
Acerv_scaffold_23_13918,311,144
Acerv_scaffold_23_13918,312,558
Acerv_scaffold_23_13918,313,70
Acerv_scaffold_23_13918,314,328
Acerv_scaffold_23_13918,315,236
Acerv_scaffold_23_13918,316,258
Acerv_scaffold_23_13918,317,239
Acerv_scaffold_23_13918,318,41
Acerv_scaffold_23_13918,319,488
Acerv_scaffold_23_13918,320,147
Acerv_scaffold_23_13918,321,123
Acerv_scaffold_23_13918,322,352
Acerv_scaffold_23_13918,323,345
Acerv_scaffold_23_13918,324,204
Acerv_scaffold_23_13918,710,652
Acerv_scaffold_23_13918,711,613
Acerv_scaffold_23_13918,712,1079
Acerv_scaffold_23_13918,713,824
Acerv_scaffold_23_13918,714,2614
Acerv_scaffold_23_13918,715,401
Acerv_scaffold_23_13918,716,511
Acerv_scaffold_23_13918,717,3081
Acerv_scaffold_23_13918,718,3837
Acerv_scaffold_23_13918,719,740
Acerv_scaffold_23_13918,720,1990
Acerv_scaffold_23_13918,721,1967
Acerv_scaffold_23_13918,722,273
Acerv_scaffold_23_13918,723,6458
Acerv_scaffold_23_13918,724,1370
Acerv_scaffold_23_13918,T31,296
Acerv_scaffold_23_13918,T32,66
Acerv_scaffold_23_13918,T33,663
Acerv_scaffold_23_13918,T34,608
Acerv_scaffold_23_13918,T35,315
Acerv_scaffold_23_13918,T36,875
Acerv_scaffold_23_13918,T37,219
Acerv_scaffold_23_13918,T38,271
Acerv_scaffold_23_13918,T39,301
Acerv_scaffold_23_13918,T71,449
Acerv_scaffold_23_13918,T72,1027
Acerv_scaffold_23_13918,T73,836
Acerv_scaffold_23_13918,T74,5458
Acerv_scaffold_23_13918,T75,2230
Acerv_scaffold_23_13918,T76,409
Acerv_scaffold_23_13918,T77,2728
Acerv_scaffold_23_13918,T78,654
Acerv_scaffold_23_13918,T79,1277
Acerv_scaffold_23_14008,312,5
Acerv_scaffold_23_14008,314,1
Acerv_scaffold_23_14008,315,2
Acerv_scaffold_23_14008,316,1
Acerv_scaffold_23_14008,317,4
Acerv_scaffold_23_14008,319,3
Acerv_scaffold_23_14008,320,1
Acerv_scaffold_23_14008,322,2
Acerv_scaffold_23_14008,324,9
Acerv_scaffold_23_14008,710,1
Acerv_scaffold_23_14008,711,1
Acerv_scaffold_23_14008,712,10
Acerv_scaffold_23_14008,713,3
Acerv_scaffold_23_14008,714,14
Acerv_scaffold_23_14008,716,1
Acerv_scaffold_23_14008,717,8
Acerv_scaffold_23_14008,718,42
Acerv_scaffold_23_14008,719,2
Acerv_scaffold_23_14008,720,11
Acerv_scaffold_23_14008,721,7
Acerv_scaffold_23_14008,722,8
Acerv_scaffold_23_14008,723,60
Acerv_scaffold_23_14008,724,3
Acerv_scaffold_23_14008,T32,4
Acerv_scaffold_23_14008,T33,3
Acerv_scaffold_23_14008,T34,14
Acerv_scaffold_23_14008,T35,5
Acerv_scaffold_23_14008,T36,1
Acerv_scaffold_23_14008,T37,1
Acerv_scaffold_23_14008,T38,2
Acerv_scaffold_23_14008,T39,8
Acerv_scaffold_23_14008,T71,2
Acerv_scaffold_23_14008,T72,1
Acerv_scaffold_23_14008,T73,10
Acerv_scaffold_23_14008,T74,50
Acerv_scaffold_23_14008,T75,9
Acerv_scaffold_23_14008,T76,3
Acerv_scaffold_23_14008,T77,4
Acerv_scaffold_23_14008,T79,3
Acerv_scaffold_23_14072,310,7
Acerv_scaffold_23_14072,311,4
Acerv_scaffold_23_14072,312,40
Acerv_scaffold_23_14072,314,107
Acerv_scaffold_23_14072,315,27
Acerv_scaffold_23_14072,316,16
Acerv_scaffold_23_14072,317,6
Acerv_scaffold_23_14072,318,1
Acerv_scaffold_23_14072,319,50
Acerv_scaffold_23_14072,320,16
Acerv_scaffold_23_14072,321,30
Acerv_scaffold_23_14072,322,95
Acerv_scaffold_23_14072,323,55
Acerv_scaffold_23_14072,324,15
Acerv_scaffold_23_14072,710,49
Acerv_scaffold_23_14072,711,26
Acerv_scaffold_23_14072,712,190
Acerv_scaffold_23_14072,713,67
Acerv_scaffold_23_14072,714,90
Acerv_scaffold_23_14072,715,102
Acerv_scaffold_23_14072,716,97
Acerv_scaffold_23_14072,717,115
Acerv_scaffold_23_14072,718,167
Acerv_scaffold_23_14072,719,86
Acerv_scaffold_23_14072,720,124
Acerv_scaffold_23_14072,721,37
Acerv_scaffold_23_14072,722,129
Acerv_scaffold_23_14072,723,345
Acerv_scaffold_23_14072,724,44
Acerv_scaffold_23_14072,T31,23
Acerv_scaffold_23_14072,T32,6
Acerv_scaffold_23_14072,T33,53
Acerv_scaffold_23_14072,T34,32
Acerv_scaffold_23_14072,T35,24
Acerv_scaffold_23_14072,T36,87
Acerv_scaffold_23_14072,T37,19
Acerv_scaffold_23_14072,T38,55
Acerv_scaffold_23_14072,T39,13
Acerv_scaffold_23_14072,T71,59
Acerv_scaffold_23_14072,T72,143
Acerv_scaffold_23_14072,T73,331
Acerv_scaffold_23_14072,T74,254
Acerv_scaffold_23_14072,T75,114
Acerv_scaffold_23_14072,T76,15
Acerv_scaffold_23_14072,T77,365
Acerv_scaffold_23_14072,T78,50
Acerv_scaffold_23_14072,T79,71
Acerv_scaffold_23_14118,312,5
Acerv_scaffold_23_14118,314,2
Acerv_scaffold_23_14118,317,2
Acerv_scaffold_23_14118,322,1
Acerv_scaffold_23_14118,324,2
Acerv_scaffold_23_14118,710,2
Acerv_scaffold_23_14118,713,1
Acerv_scaffold_23_14118,714,2
Acerv_scaffold_23_14118,715,1
Acerv_scaffold_23_14118,717,4
Acerv_scaffold_23_14118,718,3
Acerv_scaffold_23_14118,719,2
Acerv_scaffold_23_14118,720,1
Acerv_scaffold_23_14118,721,1
Acerv_scaffold_23_14118,723,7
Acerv_scaffold_23_14118,724,1
Acerv_scaffold_23_14118,T31,3
Acerv_scaffold_23_14118,T34,4
Acerv_scaffold_23_14118,T35,3
Acerv_scaffold_23_14118,T36,1
Acerv_scaffold_23_14118,T37,2
Acerv_scaffold_23_14118,T38,2
Acerv_scaffold_23_14118,T39,2
Acerv_scaffold_23_14118,T71,1
Acerv_scaffold_23_14118,T72,3
Acerv_scaffold_23_14118,T74,4
Acerv_scaffold_23_14118,T75,3
Acerv_scaffold_23_14151,310,4733
Acerv_scaffold_23_14151,311,1499
Acerv_scaffold_23_14151,312,12655
Acerv_scaffold_23_14151,313,2951
Acerv_scaffold_23_14151,314,5972
Acerv_scaffold_23_14151,315,4468
Acerv_scaffold_23_14151,316,7789
Acerv_scaffold_23_14151,317,11776
Acerv_scaffold_23_14151,318,2203
Acerv_scaffold_23_14151,319,13031
Acerv_scaffold_23_14151,320,11436
Acerv_scaffold_23_14151,321,3939
Acerv_scaffold_23_14151,322,5821
Acerv_scaffold_23_14151,323,7063
Acerv_scaffold_23_14151,324,11272
Acerv_scaffold_23_14151,710,7427
Acerv_scaffold_23_14151,711,5238
Acerv_scaffold_23_14151,712,19225
Acerv_scaffold_23_14151,713,11338
Acerv_scaffold_23_14151,714,27874
Acerv_scaffold_23_14151,715,10323
Acerv_scaffold_23_14151,716,14064
Acerv_scaffold_23_14151,717,24242
Acerv_scaffold_23_14151,718,73606
Acerv_scaffold_23_14151,719,8098
Acerv_scaffold_23_14151,720,20076
Acerv_scaffold_23_14151,721,12722
Acerv_scaffold_23_14151,722,4517
Acerv_scaffold_23_14151,723,80464
Acerv_scaffold_23_14151,724,16645
Acerv_scaffold_23_14151,T31,4571
Acerv_scaffold_23_14151,T32,3403
Acerv_scaffold_23_14151,T33,5322
Acerv_scaffold_23_14151,T34,23119
Acerv_scaffold_23_14151,T35,14476
Acerv_scaffold_23_14151,T36,13662
Acerv_scaffold_23_14151,T37,8431
Acerv_scaffold_23_14151,T38,11665
Acerv_scaffold_23_14151,T39,16894
Acerv_scaffold_23_14151,T71,5574
Acerv_scaffold_23_14151,T72,16440
Acerv_scaffold_23_14151,T73,12310
Acerv_scaffold_23_14151,T74,68926
Acerv_scaffold_23_14151,T75,25109
Acerv_scaffold_23_14151,T76,5283
Acerv_scaffold_23_14151,T77,16186
Acerv_scaffold_23_14151,T78,3353
Acerv_scaffold_23_14151,T79,10849
Acerv_scaffold_26_14789,310,101
Acerv_scaffold_26_14789,311,23
Acerv_scaffold_26_14789,312,430
Acerv_scaffold_26_14789,313,12
Acerv_scaffold_26_14789,314,174
Acerv_scaffold_26_14789,315,89
Acerv_scaffold_26_14789,316,191
Acerv_scaffold_26_14789,317,202
Acerv_scaffold_26_14789,318,23
Acerv_scaffold_26_14789,319,341
Acerv_scaffold_26_14789,320,172
Acerv_scaffold_26_14789,321,57
Acerv_scaffold_26_14789,322,144
Acerv_scaffold_26_14789,323,111
Acerv_scaffold_26_14789,324,137
Acerv_scaffold_26_14789,710,230
Acerv_scaffold_26_14789,711,207
Acerv_scaffold_26_14789,712,729
Acerv_scaffold_26_14789,713,335
Acerv_scaffold_26_14789,714,813
Acerv_scaffold_26_14789,715,350
Acerv_scaffold_26_14789,716,421
Acerv_scaffold_26_14789,717,836
Acerv_scaffold_26_14789,718,2683
Acerv_scaffold_26_14789,719,238
Acerv_scaffold_26_14789,720,848
Acerv_scaffold_26_14789,721,563
Acerv_scaffold_26_14789,722,119
Acerv_scaffold_26_14789,723,4250
Acerv_scaffold_26_14789,724,771
Acerv_scaffold_26_14789,T31,55
Acerv_scaffold_26_14789,T32,38
Acerv_scaffold_26_14789,T33,106
Acerv_scaffold_26_14789,T34,555
Acerv_scaffold_26_14789,T35,302
Acerv_scaffold_26_14789,T36,238
Acerv_scaffold_26_14789,T37,120
Acerv_scaffold_26_14789,T38,138
Acerv_scaffold_26_14789,T39,349
Acerv_scaffold_26_14789,T71,101
Acerv_scaffold_26_14789,T72,604
Acerv_scaffold_26_14789,T73,562
Acerv_scaffold_26_14789,T74,3503
Acerv_scaffold_26_14789,T75,1027
Acerv_scaffold_26_14789,T76,192
Acerv_scaffold_26_14789,T77,512
Acerv_scaffold_26_14789,T78,130
Acerv_scaffold_26_14789,T79,243
Acerv_scaffold_28_16063,310,3
Acerv_scaffold_28_16063,311,3
Acerv_scaffold_28_16063,312,10
Acerv_scaffold_28_16063,313,1
Acerv_scaffold_28_16063,314,5
Acerv_scaffold_28_16063,316,6
Acerv_scaffold_28_16063,317,2
Acerv_scaffold_28_16063,319,6
Acerv_scaffold_28_16063,320,2
Acerv_scaffold_28_16063,321,1
Acerv_scaffold_28_16063,322,7
Acerv_scaffold_28_16063,323,1
Acerv_scaffold_28_16063,324,3
Acerv_scaffold_28_16063,710,2
Acerv_scaffold_28_16063,711,1
Acerv_scaffold_28_16063,712,1
Acerv_scaffold_28_16063,713,5
Acerv_scaffold_28_16063,714,35
Acerv_scaffold_28_16063,715,2
Acerv_scaffold_28_16063,716,4
Acerv_scaffold_28_16063,717,11
Acerv_scaffold_28_16063,718,52
Acerv_scaffold_28_16063,719,10
Acerv_scaffold_28_16063,720,38
Acerv_scaffold_28_16063,721,14
Acerv_scaffold_28_16063,722,1
Acerv_scaffold_28_16063,723,80
Acerv_scaffold_28_16063,724,5
Acerv_scaffold_28_16063,T31,3
Acerv_scaffold_28_16063,T32,1
Acerv_scaffold_28_16063,T34,4
Acerv_scaffold_28_16063,T35,3
Acerv_scaffold_28_16063,T39,4
Acerv_scaffold_28_16063,T71,5
Acerv_scaffold_28_16063,T72,4
Acerv_scaffold_28_16063,T73,36
Acerv_scaffold_28_16063,T74,74
Acerv_scaffold_28_16063,T75,2
Acerv_scaffold_28_16063,T76,7
Acerv_scaffold_28_16063,T77,11
Acerv_scaffold_28_16063,T79,3
Acerv_scaffold_28_16363,310,396
Acerv_scaffold_28_16363,311,294
Acerv_scaffold_28_16363,312,1096
Acerv_scaffold_28_16363,313,58
Acerv_scaffold_28_16363,314,646
Acerv_scaffold_28_16363,315,351
Acerv_scaffold_28_16363,316,472
Acerv_scaffold_28_16363,317,473
Acerv_scaffold_28_16363,318,89
Acerv_scaffold_28_16363,319,930
Acerv_scaffold_28_16363,320,337
Acerv_scaffold_28_16363,321,163
Acerv_scaffold_28_16363,322,526
Acerv_scaffold_28_16363,323,745
Acerv_scaffold_28_16363,324,434
Acerv_scaffold_28_16363,710,777
Acerv_scaffold_28_16363,711,424
Acerv_scaffold_28_16363,712,1629
Acerv_scaffold_28_16363,713,1234
Acerv_scaffold_28_16363,714,4310
Acerv_scaffold_28_16363,715,676
Acerv_scaffold_28_16363,716,1332
Acerv_scaffold_28_16363,717,2350
Acerv_scaffold_28_16363,718,8005
Acerv_scaffold_28_16363,719,1152
Acerv_scaffold_28_16363,720,3217
Acerv_scaffold_28_16363,721,1080
Acerv_scaffold_28_16363,722,718
Acerv_scaffold_28_16363,723,10452
Acerv_scaffold_28_16363,724,2092
Acerv_scaffold_28_16363,T31,222
Acerv_scaffold_28_16363,T32,113
Acerv_scaffold_28_16363,T33,441
Acerv_scaffold_28_16363,T34,1600
Acerv_scaffold_28_16363,T35,923
Acerv_scaffold_28_16363,T36,477
Acerv_scaffold_28_16363,T37,394
Acerv_scaffold_28_16363,T38,376
Acerv_scaffold_28_16363,T39,873
Acerv_scaffold_28_16363,T71,386
Acerv_scaffold_28_16363,T72,2004
Acerv_scaffold_28_16363,T73,1260
Acerv_scaffold_28_16363,T74,8748
Acerv_scaffold_28_16363,T75,2871
Acerv_scaffold_28_16363,T76,363
Acerv_scaffold_28_16363,T77,1518
Acerv_scaffold_28_16363,T78,357
Acerv_scaffold_28_16363,T79,1350
Acerv_scaffold_2_1277,311,1
Acerv_scaffold_2_1277,312,3
Acerv_scaffold_2_1277,314,2
Acerv_scaffold_2_1277,316,4
Acerv_scaffold_2_1277,318,2
Acerv_scaffold_2_1277,319,11
Acerv_scaffold_2_1277,320,1
Acerv_scaffold_2_1277,321,1
Acerv_scaffold_2_1277,322,4
Acerv_scaffold_2_1277,710,2
Acerv_scaffold_2_1277,711,2
Acerv_scaffold_2_1277,712,1
Acerv_scaffold_2_1277,713,3
Acerv_scaffold_2_1277,714,4
Acerv_scaffold_2_1277,716,2
Acerv_scaffold_2_1277,717,4
Acerv_scaffold_2_1277,718,13
Acerv_scaffold_2_1277,720,6
Acerv_scaffold_2_1277,721,6
Acerv_scaffold_2_1277,722,2
Acerv_scaffold_2_1277,723,11
Acerv_scaffold_2_1277,724,1
Acerv_scaffold_2_1277,T31,1
Acerv_scaffold_2_1277,T34,22
Acerv_scaffold_2_1277,T35,1
Acerv_scaffold_2_1277,T36,2
Acerv_scaffold_2_1277,T37,1
Acerv_scaffold_2_1277,T38,6
Acerv_scaffold_2_1277,T39,3
Acerv_scaffold_2_1277,T72,4
Acerv_scaffold_2_1277,T73,3
Acerv_scaffold_2_1277,T74,16
Acerv_scaffold_2_1277,T75,38
Acerv_scaffold_2_1277,T76,12
Acerv_scaffold_2_1277,T77,2
Acerv_scaffold_2_1277,T78,4
Acerv_scaffold_2_1277,T79,8
Acerv_scaffold_2_1653,310,216
Acerv_scaffold_2_1653,311,98
Acerv_scaffold_2_1653,312,793
Acerv_scaffold_2_1653,313,89
Acerv_scaffold_2_1653,314,281
Acerv_scaffold_2_1653,315,216
Acerv_scaffold_2_1653,316,269
Acerv_scaffold_2_1653,317,365
Acerv_scaffold_2_1653,318,61
Acerv_scaffold_2_1653,319,567
Acerv_scaffold_2_1653,320,440
Acerv_scaffold_2_1653,321,122
Acerv_scaffold_2_1653,322,287
Acerv_scaffold_2_1653,323,235
Acerv_scaffold_2_1653,324,321
Acerv_scaffold_2_1653,710,504
Acerv_scaffold_2_1653,711,438
Acerv_scaffold_2_1653,712,1297
Acerv_scaffold_2_1653,713,738
Acerv_scaffold_2_1653,714,2084
Acerv_scaffold_2_1653,715,717
Acerv_scaffold_2_1653,716,749
Acerv_scaffold_2_1653,717,1648
Acerv_scaffold_2_1653,718,5181
Acerv_scaffold_2_1653,719,417
Acerv_scaffold_2_1653,720,1487
Acerv_scaffold_2_1653,721,774
Acerv_scaffold_2_1653,722,309
Acerv_scaffold_2_1653,723,5889
Acerv_scaffold_2_1653,724,941
Acerv_scaffold_2_1653,T31,240
Acerv_scaffold_2_1653,T32,171
Acerv_scaffold_2_1653,T33,308
Acerv_scaffold_2_1653,T34,762
Acerv_scaffold_2_1653,T35,565
Acerv_scaffold_2_1653,T36,349
Acerv_scaffold_2_1653,T37,231
Acerv_scaffold_2_1653,T38,367
Acerv_scaffold_2_1653,T39,674
Acerv_scaffold_2_1653,T71,321
Acerv_scaffold_2_1653,T72,919
Acerv_scaffold_2_1653,T73,764
Acerv_scaffold_2_1653,T74,5068
Acerv_scaffold_2_1653,T75,1521
Acerv_scaffold_2_1653,T76,311
Acerv_scaffold_2_1653,T77,937
Acerv_scaffold_2_1653,T78,208
Acerv_scaffold_2_1653,T79,730
Acerv_scaffold_2_1658,310,787
Acerv_scaffold_2_1658,311,904
Acerv_scaffold_2_1658,312,1283
Acerv_scaffold_2_1658,313,71
Acerv_scaffold_2_1658,314,810
Acerv_scaffold_2_1658,315,922
Acerv_scaffold_2_1658,316,402
Acerv_scaffold_2_1658,317,539
Acerv_scaffold_2_1658,318,159
Acerv_scaffold_2_1658,319,955
Acerv_scaffold_2_1658,320,522
Acerv_scaffold_2_1658,321,260
Acerv_scaffold_2_1658,322,1568
Acerv_scaffold_2_1658,323,859
Acerv_scaffold_2_1658,324,284
Acerv_scaffold_2_1658,710,653
Acerv_scaffold_2_1658,711,452
Acerv_scaffold_2_1658,712,1019
Acerv_scaffold_2_1658,713,1021
Acerv_scaffold_2_1658,714,4061
Acerv_scaffold_2_1658,715,398
Acerv_scaffold_2_1658,716,824
Acerv_scaffold_2_1658,717,1894
Acerv_scaffold_2_1658,718,4737
Acerv_scaffold_2_1658,719,675
Acerv_scaffold_2_1658,720,2051
Acerv_scaffold_2_1658,721,1010
Acerv_scaffold_2_1658,722,446
Acerv_scaffold_2_1658,723,5833
Acerv_scaffold_2_1658,724,1415
Acerv_scaffold_2_1658,T31,610
Acerv_scaffold_2_1658,T32,388
Acerv_scaffold_2_1658,T33,1292
Acerv_scaffold_2_1658,T34,1363
Acerv_scaffold_2_1658,T35,786
Acerv_scaffold_2_1658,T36,336
Acerv_scaffold_2_1658,T37,330
Acerv_scaffold_2_1658,T38,483
Acerv_scaffold_2_1658,T39,615
Acerv_scaffold_2_1658,T71,283
Acerv_scaffold_2_1658,T72,1279
Acerv_scaffold_2_1658,T73,1002
Acerv_scaffold_2_1658,T74,4731
Acerv_scaffold_2_1658,T75,1870
Acerv_scaffold_2_1658,T76,567
Acerv_scaffold_2_1658,T77,1498
Acerv_scaffold_2_1658,T78,429
Acerv_scaffold_2_1658,T79,1261
Acerv_scaffold_32_17956,310,1
Acerv_scaffold_32_17956,312,5
Acerv_scaffold_32_17956,313,1
Acerv_scaffold_32_17956,314,1
Acerv_scaffold_32_17956,317,3
Acerv_scaffold_32_17956,318,2
Acerv_scaffold_32_17956,319,2
Acerv_scaffold_32_17956,320,1
Acerv_scaffold_32_17956,321,2
Acerv_scaffold_32_17956,323,3
Acerv_scaffold_32_17956,324,5
Acerv_scaffold_32_17956,711,3
Acerv_scaffold_32_17956,712,3
Acerv_scaffold_32_17956,713,1
Acerv_scaffold_32_17956,714,6
Acerv_scaffold_32_17956,716,2
Acerv_scaffold_32_17956,717,12
Acerv_scaffold_32_17956,718,29
Acerv_scaffold_32_17956,719,5
Acerv_scaffold_32_17956,720,8
Acerv_scaffold_32_17956,721,4
Acerv_scaffold_32_17956,722,4
Acerv_scaffold_32_17956,723,40
Acerv_scaffold_32_17956,724,2
Acerv_scaffold_32_17956,T34,7
Acerv_scaffold_32_17956,T35,5
Acerv_scaffold_32_17956,T36,6
Acerv_scaffold_32_17956,T37,1
Acerv_scaffold_32_17956,T38,2
Acerv_scaffold_32_17956,T39,7
Acerv_scaffold_32_17956,T71,7
Acerv_scaffold_32_17956,T72,1
Acerv_scaffold_32_17956,T73,4
Acerv_scaffold_32_17956,T74,32
Acerv_scaffold_32_17956,T75,5
Acerv_scaffold_32_17956,T76,2
Acerv_scaffold_32_17956,T77,3
Acerv_scaffold_32_17956,T79,1
Acerv_scaffold_33_18099,310,36
Acerv_scaffold_33_18099,311,6
Acerv_scaffold_33_18099,312,136
Acerv_scaffold_33_18099,313,7
Acerv_scaffold_33_18099,314,85
Acerv_scaffold_33_18099,315,11
Acerv_scaffold_33_18099,316,93
Acerv_scaffold_33_18099,317,72
Acerv_scaffold_33_18099,318,6
Acerv_scaffold_33_18099,319,118
Acerv_scaffold_33_18099,320,60
Acerv_scaffold_33_18099,321,19
Acerv_scaffold_33_18099,322,48
Acerv_scaffold_33_18099,323,37
Acerv_scaffold_33_18099,324,62
Acerv_scaffold_33_18099,710,145
Acerv_scaffold_33_18099,711,92
Acerv_scaffold_33_18099,712,411
Acerv_scaffold_33_18099,713,262
Acerv_scaffold_33_18099,714,264
Acerv_scaffold_33_18099,715,143
Acerv_scaffold_33_18099,716,224
Acerv_scaffold_33_18099,717,415
Acerv_scaffold_33_18099,718,1006
Acerv_scaffold_33_18099,719,94
Acerv_scaffold_33_18099,720,355
Acerv_scaffold_33_18099,721,207
Acerv_scaffold_33_18099,722,81
Acerv_scaffold_33_18099,723,1319
Acerv_scaffold_33_18099,724,255
Acerv_scaffold_33_18099,T31,19
Acerv_scaffold_33_18099,T32,19
Acerv_scaffold_33_18099,T33,32
Acerv_scaffold_33_18099,T34,196
Acerv_scaffold_33_18099,T35,118
Acerv_scaffold_33_18099,T36,89
Acerv_scaffold_33_18099,T37,49
Acerv_scaffold_33_18099,T38,47
Acerv_scaffold_33_18099,T39,117
Acerv_scaffold_33_18099,T71,74
Acerv_scaffold_33_18099,T72,369
Acerv_scaffold_33_18099,T73,269
Acerv_scaffold_33_18099,T74,1072
Acerv_scaffold_33_18099,T75,526
Acerv_scaffold_33_18099,T76,71
Acerv_scaffold_33_18099,T77,407
Acerv_scaffold_33_18099,T78,70
Acerv_scaffold_33_18099,T79,201
Acerv_scaffold_33_18101,310,29
Acerv_scaffold_33_18101,311,12
Acerv_scaffold_33_18101,312,112
Acerv_scaffold_33_18101,313,20
Acerv_scaffold_33_18101,314,28
Acerv_scaffold_33_18101,315,49
Acerv_scaffold_33_18101,316,48
Acerv_scaffold_33_18101,317,97
Acerv_scaffold_33_18101,318,27
Acerv_scaffold_33_18101,319,100
Acerv_scaffold_33_18101,320,78
Acerv_scaffold_33_18101,321,34
Acerv_scaffold_33_18101,322,29
Acerv_scaffold_33_18101,323,49
Acerv_scaffold_33_18101,324,67
Acerv_scaffold_33_18101,710,33
Acerv_scaffold_33_18101,711,40
Acerv_scaffold_33_18101,712,155
Acerv_scaffold_33_18101,713,78
Acerv_scaffold_33_18101,714,235
Acerv_scaffold_33_18101,715,68
Acerv_scaffold_33_18101,716,85
Acerv_scaffold_33_18101,717,174
Acerv_scaffold_33_18101,718,593
Acerv_scaffold_33_18101,719,39
Acerv_scaffold_33_18101,720,174
Acerv_scaffold_33_18101,721,96
Acerv_scaffold_33_18101,722,52
Acerv_scaffold_33_18101,723,639
Acerv_scaffold_33_18101,724,101
Acerv_scaffold_33_18101,T31,32
Acerv_scaffold_33_18101,T32,40
Acerv_scaffold_33_18101,T33,25
Acerv_scaffold_33_18101,T34,151
Acerv_scaffold_33_18101,T35,117
Acerv_scaffold_33_18101,T36,77
Acerv_scaffold_33_18101,T37,51
Acerv_scaffold_33_18101,T38,85
Acerv_scaffold_33_18101,T39,116
Acerv_scaffold_33_18101,T71,51
Acerv_scaffold_33_18101,T72,82
Acerv_scaffold_33_18101,T73,92
Acerv_scaffold_33_18101,T74,496
Acerv_scaffold_33_18101,T75,146
Acerv_scaffold_33_18101,T76,43
Acerv_scaffold_33_18101,T77,73
Acerv_scaffold_33_18101,T78,11
Acerv_scaffold_33_18101,T79,60
Acerv_scaffold_34_18301,310,38
Acerv_scaffold_34_18301,311,7
Acerv_scaffold_34_18301,312,96
Acerv_scaffold_34_18301,313,3
Acerv_scaffold_34_18301,314,109
Acerv_scaffold_34_18301,315,35
Acerv_scaffold_34_18301,316,62
Acerv_scaffold_34_18301,317,90
Acerv_scaffold_34_18301,318,4
Acerv_scaffold_34_18301,319,81
Acerv_scaffold_34_18301,320,50
Acerv_scaffold_34_18301,321,25
Acerv_scaffold_34_18301,322,47
Acerv_scaffold_34_18301,323,83
Acerv_scaffold_34_18301,324,64
Acerv_scaffold_34_18301,710,135
Acerv_scaffold_34_18301,711,45
Acerv_scaffold_34_18301,712,374
Acerv_scaffold_34_18301,713,281
Acerv_scaffold_34_18301,714,514
Acerv_scaffold_34_18301,715,117
Acerv_scaffold_34_18301,716,331
Acerv_scaffold_34_18301,717,254
Acerv_scaffold_34_18301,718,868
Acerv_scaffold_34_18301,719,302
Acerv_scaffold_34_18301,720,439
Acerv_scaffold_34_18301,721,253
Acerv_scaffold_34_18301,722,158
Acerv_scaffold_34_18301,723,1196
Acerv_scaffold_34_18301,724,436
Acerv_scaffold_34_18301,T31,17
Acerv_scaffold_34_18301,T32,6
Acerv_scaffold_34_18301,T33,37
Acerv_scaffold_34_18301,T34,277
Acerv_scaffold_34_18301,T35,83
Acerv_scaffold_34_18301,T36,72
Acerv_scaffold_34_18301,T37,41
Acerv_scaffold_34_18301,T38,35
Acerv_scaffold_34_18301,T39,59
Acerv_scaffold_34_18301,T71,187
Acerv_scaffold_34_18301,T72,379
Acerv_scaffold_34_18301,T73,338
Acerv_scaffold_34_18301,T74,1001
Acerv_scaffold_34_18301,T75,728
Acerv_scaffold_34_18301,T76,79
Acerv_scaffold_34_18301,T77,319
Acerv_scaffold_34_18301,T78,58
Acerv_scaffold_34_18301,T79,145
Acerv_scaffold_36_19235,310,39
Acerv_scaffold_36_19235,311,17
Acerv_scaffold_36_19235,312,149
Acerv_scaffold_36_19235,313,12
Acerv_scaffold_36_19235,314,37
Acerv_scaffold_36_19235,315,42
Acerv_scaffold_36_19235,316,58
Acerv_scaffold_36_19235,317,77
Acerv_scaffold_36_19235,318,15
Acerv_scaffold_36_19235,319,148
Acerv_scaffold_36_19235,320,84
Acerv_scaffold_36_19235,321,17
Acerv_scaffold_36_19235,322,45
Acerv_scaffold_36_19235,323,46
Acerv_scaffold_36_19235,324,44
Acerv_scaffold_36_19235,710,74
Acerv_scaffold_36_19235,711,61
Acerv_scaffold_36_19235,712,174
Acerv_scaffold_36_19235,713,100
Acerv_scaffold_36_19235,714,330
Acerv_scaffold_36_19235,715,92
Acerv_scaffold_36_19235,716,88
Acerv_scaffold_36_19235,717,341
Acerv_scaffold_36_19235,718,571
Acerv_scaffold_36_19235,719,63
Acerv_scaffold_36_19235,720,228
Acerv_scaffold_36_19235,721,129
Acerv_scaffold_36_19235,722,74
Acerv_scaffold_36_19235,723,826
Acerv_scaffold_36_19235,724,192
Acerv_scaffold_36_19235,T31,14
Acerv_scaffold_36_19235,T32,19
Acerv_scaffold_36_19235,T33,27
Acerv_scaffold_36_19235,T34,234
Acerv_scaffold_36_19235,T35,96
Acerv_scaffold_36_19235,T36,99
Acerv_scaffold_36_19235,T37,75
Acerv_scaffold_36_19235,T38,73
Acerv_scaffold_36_19235,T39,113
Acerv_scaffold_36_19235,T71,90
Acerv_scaffold_36_19235,T72,150
Acerv_scaffold_36_19235,T73,150
Acerv_scaffold_36_19235,T74,678
Acerv_scaffold_36_19235,T75,288
Acerv_scaffold_36_19235,T76,69
Acerv_scaffold_36_19235,T77,124
Acerv_scaffold_36_19235,T78,15
Acerv_scaffold_36_19235,T79,93
Acerv_scaffold_38_19930,310,3
Acerv_scaffold_38_19930,312,2
Acerv_scaffold_38_19930,314,2
Acerv_scaffold_38_19930,315,1
Acerv_scaffold_38_19930,320,1
Acerv_scaffold_38_19930,322,1
Acerv_scaffold_38_19930,324,2
Acerv_scaffold_38_19930,710,2
Acerv_scaffold_38_19930,712,1
Acerv_scaffold_38_19930,713,5
Acerv_scaffold_38_19930,714,2
Acerv_scaffold_38_19930,715,3
Acerv_scaffold_38_19930,716,1
Acerv_scaffold_38_19930,717,8
Acerv_scaffold_38_19930,718,21
Acerv_scaffold_38_19930,719,2
Acerv_scaffold_38_19930,720,10
Acerv_scaffold_38_19930,721,1
Acerv_scaffold_38_19930,722,4
Acerv_scaffold_38_19930,723,28
Acerv_scaffold_38_19930,724,3
Acerv_scaffold_38_19930,T35,5
Acerv_scaffold_38_19930,T37,1
Acerv_scaffold_38_19930,T39,2
Acerv_scaffold_38_19930,T71,5
Acerv_scaffold_38_19930,T72,1
Acerv_scaffold_38_19930,T73,4
Acerv_scaffold_38_19930,T74,24
Acerv_scaffold_38_19930,T75,6
Acerv_scaffold_38_19930,T77,7
Acerv_scaffold_38_19930,T79,2
Acerv_scaffold_3_1884,310,66
Acerv_scaffold_3_1884,311,8
Acerv_scaffold_3_1884,312,129
Acerv_scaffold_3_1884,313,6
Acerv_scaffold_3_1884,314,88
Acerv_scaffold_3_1884,315,38
Acerv_scaffold_3_1884,316,66
Acerv_scaffold_3_1884,317,52
Acerv_scaffold_3_1884,318,2
Acerv_scaffold_3_1884,319,121
Acerv_scaffold_3_1884,320,25
Acerv_scaffold_3_1884,321,13
Acerv_scaffold_3_1884,322,52
Acerv_scaffold_3_1884,323,64
Acerv_scaffold_3_1884,324,27
Acerv_scaffold_3_1884,710,57
Acerv_scaffold_3_1884,711,48
Acerv_scaffold_3_1884,712,161
Acerv_scaffold_3_1884,713,84
Acerv_scaffold_3_1884,714,212
Acerv_scaffold_3_1884,715,41
Acerv_scaffold_3_1884,716,108
Acerv_scaffold_3_1884,717,232
Acerv_scaffold_3_1884,718,273
Acerv_scaffold_3_1884,719,89
Acerv_scaffold_3_1884,720,126
Acerv_scaffold_3_1884,721,104
Acerv_scaffold_3_1884,722,48
Acerv_scaffold_3_1884,723,356
Acerv_scaffold_3_1884,724,225
Acerv_scaffold_3_1884,T31,11
Acerv_scaffold_3_1884,T32,12
Acerv_scaffold_3_1884,T33,28
Acerv_scaffold_3_1884,T34,75
Acerv_scaffold_3_1884,T35,40
Acerv_scaffold_3_1884,T36,60
Acerv_scaffold_3_1884,T37,39
Acerv_scaffold_3_1884,T38,56
Acerv_scaffold_3_1884,T39,42
Acerv_scaffold_3_1884,T71,38
Acerv_scaffold_3_1884,T72,204
Acerv_scaffold_3_1884,T73,162
Acerv_scaffold_3_1884,T74,324
Acerv_scaffold_3_1884,T75,132
Acerv_scaffold_3_1884,T76,20
Acerv_scaffold_3_1884,T77,146
Acerv_scaffold_3_1884,T78,23
Acerv_scaffold_3_1884,T79,147
Acerv_scaffold_3_2245,310,3055
Acerv_scaffold_3_2245,311,983
Acerv_scaffold_3_2245,312,8834
Acerv_scaffold_3_2245,313,836
Acerv_scaffold_3_2245,314,5194
Acerv_scaffold_3_2245,315,2423
Acerv_scaffold_3_2245,316,5161
Acerv_scaffold_3_2245,317,5125
Acerv_scaffold_3_2245,318,734
Acerv_scaffold_3_2245,319,8302
Acerv_scaffold_3_2245,320,3746
Acerv_scaffold_3_2245,321,1775
Acerv_scaffold_3_2245,322,6806
Acerv_scaffold_3_2245,323,3333
Acerv_scaffold_3_2245,324,4077
Acerv_scaffold_3_2245,710,4682
Acerv_scaffold_3_2245,711,4073
Acerv_scaffold_3_2245,712,12956
Acerv_scaffold_3_2245,713,8654
Acerv_scaffold_3_2245,714,22574
Acerv_scaffold_3_2245,715,8062
Acerv_scaffold_3_2245,716,8850
Acerv_scaffold_3_2245,717,18050
Acerv_scaffold_3_2245,718,44494
Acerv_scaffold_3_2245,719,5242
Acerv_scaffold_3_2245,720,18817
Acerv_scaffold_3_2245,721,9589
Acerv_scaffold_3_2245,722,3029
Acerv_scaffold_3_2245,723,63983
Acerv_scaffold_3_2245,724,14359
Acerv_scaffold_3_2245,T31,2181
Acerv_scaffold_3_2245,T32,1539
Acerv_scaffold_3_2245,T33,4574
Acerv_scaffold_3_2245,T34,12661
Acerv_scaffold_3_2245,T35,7174
Acerv_scaffold_3_2245,T36,6331
Acerv_scaffold_3_2245,T37,5249
Acerv_scaffold_3_2245,T38,4152
Acerv_scaffold_3_2245,T39,6124
Acerv_scaffold_3_2245,T71,3028
Acerv_scaffold_3_2245,T72,13662
Acerv_scaffold_3_2245,T73,11340
Acerv_scaffold_3_2245,T74,53727
Acerv_scaffold_3_2245,T75,20815
Acerv_scaffold_3_2245,T76,4120
Acerv_scaffold_3_2245,T77,11355
Acerv_scaffold_3_2245,T78,3157
Acerv_scaffold_3_2245,T79,8701
Acerv_scaffold_40_20559,310,4898
Acerv_scaffold_40_20559,311,1488
Acerv_scaffold_40_20559,312,14930
Acerv_scaffold_40_20559,313,636
Acerv_scaffold_40_20559,314,9105
Acerv_scaffold_40_20559,315,3171
Acerv_scaffold_40_20559,316,7176
Acerv_scaffold_40_20559,317,8484
Acerv_scaffold_40_20559,318,710
Acerv_scaffold_40_20559,319,14178
Acerv_scaffold_40_20559,320,7159
Acerv_scaffold_40_20559,321,2937
Acerv_scaffold_40_20559,322,7197
Acerv_scaffold_40_20559,323,5695
Acerv_scaffold_40_20559,324,4947
Acerv_scaffold_40_20559,710,10138
Acerv_scaffold_40_20559,711,8695
Acerv_scaffold_40_20559,712,24321
Acerv_scaffold_40_20559,713,15687
Acerv_scaffold_40_20559,714,40466
Acerv_scaffold_40_20559,715,12836
Acerv_scaffold_40_20559,716,14107
Acerv_scaffold_40_20559,717,37753
Acerv_scaffold_40_20559,718,78818
Acerv_scaffold_40_20559,719,9704
Acerv_scaffold_40_20559,720,23553
Acerv_scaffold_40_20559,721,26076
Acerv_scaffold_40_20559,722,8845
Acerv_scaffold_40_20559,723,106980
Acerv_scaffold_40_20559,724,26190
Acerv_scaffold_40_20559,T31,1853
Acerv_scaffold_40_20559,T32,1645
Acerv_scaffold_40_20559,T33,4001
Acerv_scaffold_40_20559,T34,17336
Acerv_scaffold_40_20559,T35,9467
Acerv_scaffold_40_20559,T36,13576
Acerv_scaffold_40_20559,T37,4361
Acerv_scaffold_40_20559,T38,6100
Acerv_scaffold_40_20559,T39,10234
Acerv_scaffold_40_20559,T71,7915
Acerv_scaffold_40_20559,T72,19352
Acerv_scaffold_40_20559,T73,22608
Acerv_scaffold_40_20559,T74,88060
Acerv_scaffold_40_20559,T75,27508
Acerv_scaffold_40_20559,T76,6402
Acerv_scaffold_40_20559,T77,32362
Acerv_scaffold_40_20559,T78,6920
Acerv_scaffold_40_20559,T79,14807
Acerv_scaffold_40_20599,310,6
Acerv_scaffold_40_20599,311,13
Acerv_scaffold_40_20599,312,31
Acerv_scaffold_40_20599,313,22
Acerv_scaffold_40_20599,314,40
Acerv_scaffold_40_20599,315,10
Acerv_scaffold_40_20599,316,72
Acerv_scaffold_40_20599,317,43
Acerv_scaffold_40_20599,318,21
Acerv_scaffold_40_20599,319,47
Acerv_scaffold_40_20599,320,54
Acerv_scaffold_40_20599,321,10
Acerv_scaffold_40_20599,322,45
Acerv_scaffold_40_20599,323,23
Acerv_scaffold_40_20599,324,33
Acerv_scaffold_40_20599,710,31
Acerv_scaffold_40_20599,711,6
Acerv_scaffold_40_20599,712,163
Acerv_scaffold_40_20599,713,42
Acerv_scaffold_40_20599,714,25
Acerv_scaffold_40_20599,715,34
Acerv_scaffold_40_20599,716,51
Acerv_scaffold_40_20599,717,28
Acerv_scaffold_40_20599,718,76
Acerv_scaffold_40_20599,719,26
Acerv_scaffold_40_20599,720,57
Acerv_scaffold_40_20599,721,14
Acerv_scaffold_40_20599,722,6
Acerv_scaffold_40_20599,723,59
Acerv_scaffold_40_20599,724,43
Acerv_scaffold_40_20599,T31,92
Acerv_scaffold_40_20599,T32,18
Acerv_scaffold_40_20599,T33,24
Acerv_scaffold_40_20599,T34,53
Acerv_scaffold_40_20599,T35,32
Acerv_scaffold_40_20599,T36,30
Acerv_scaffold_40_20599,T37,56
Acerv_scaffold_40_20599,T38,36
Acerv_scaffold_40_20599,T39,38
Acerv_scaffold_40_20599,T71,21
Acerv_scaffold_40_20599,T72,82
Acerv_scaffold_40_20599,T73,3
Acerv_scaffold_40_20599,T74,49
Acerv_scaffold_40_20599,T75,73
Acerv_scaffold_40_20599,T76,12
Acerv_scaffold_40_20599,T77,74
Acerv_scaffold_40_20599,T78,5
Acerv_scaffold_40_20599,T79,39
Acerv_scaffold_43_22758,310,21
Acerv_scaffold_43_22758,311,7
Acerv_scaffold_43_22758,312,103
Acerv_scaffold_43_22758,313,14
Acerv_scaffold_43_22758,314,139
Acerv_scaffold_43_22758,315,36
Acerv_scaffold_43_22758,316,170
Acerv_scaffold_43_22758,317,63
Acerv_scaffold_43_22758,318,20
Acerv_scaffold_43_22758,319,202
Acerv_scaffold_43_22758,320,42
Acerv_scaffold_43_22758,321,14
Acerv_scaffold_43_22758,322,151
Acerv_scaffold_43_22758,323,110
Acerv_scaffold_43_22758,324,64
Acerv_scaffold_43_22758,710,54
Acerv_scaffold_43_22758,711,26
Acerv_scaffold_43_22758,712,543
Acerv_scaffold_43_22758,713,92
Acerv_scaffold_43_22758,714,148
Acerv_scaffold_43_22758,715,66
Acerv_scaffold_43_22758,716,243
Acerv_scaffold_43_22758,717,86
Acerv_scaffold_43_22758,718,311
Acerv_scaffold_43_22758,719,160
Acerv_scaffold_43_22758,720,310
Acerv_scaffold_43_22758,721,58
Acerv_scaffold_43_22758,722,44
Acerv_scaffold_43_22758,723,273
Acerv_scaffold_43_22758,724,264
Acerv_scaffold_43_22758,T31,85
Acerv_scaffold_43_22758,T32,35
Acerv_scaffold_43_22758,T33,96
Acerv_scaffold_43_22758,T34,207
Acerv_scaffold_43_22758,T35,82
Acerv_scaffold_43_22758,T36,64
Acerv_scaffold_43_22758,T37,83
Acerv_scaffold_43_22758,T38,62
Acerv_scaffold_43_22758,T39,58
Acerv_scaffold_43_22758,T71,107
Acerv_scaffold_43_22758,T72,336
Acerv_scaffold_43_22758,T73,91
Acerv_scaffold_43_22758,T74,230
Acerv_scaffold_43_22758,T75,295
Acerv_scaffold_43_22758,T76,28
Acerv_scaffold_43_22758,T77,230
Acerv_scaffold_43_22758,T78,23
Acerv_scaffold_43_22758,T79,117
Acerv_scaffold_48_24090,310,5
Acerv_scaffold_48_24090,311,3
Acerv_scaffold_48_24090,312,18
Acerv_scaffold_48_24090,314,1
Acerv_scaffold_48_24090,315,4
Acerv_scaffold_48_24090,316,3
Acerv_scaffold_48_24090,317,8
Acerv_scaffold_48_24090,318,1
Acerv_scaffold_48_24090,319,20
Acerv_scaffold_48_24090,320,4
Acerv_scaffold_48_24090,322,4
Acerv_scaffold_48_24090,323,8
Acerv_scaffold_48_24090,324,12
Acerv_scaffold_48_24090,710,8
Acerv_scaffold_48_24090,711,4
Acerv_scaffold_48_24090,712,36
Acerv_scaffold_48_24090,713,4
Acerv_scaffold_48_24090,714,64
Acerv_scaffold_48_24090,715,22
Acerv_scaffold_48_24090,716,26
Acerv_scaffold_48_24090,717,28
Acerv_scaffold_48_24090,718,93
Acerv_scaffold_48_24090,719,25
Acerv_scaffold_48_24090,720,42
Acerv_scaffold_48_24090,721,22
Acerv_scaffold_48_24090,722,24
Acerv_scaffold_48_24090,723,124
Acerv_scaffold_48_24090,724,23
Acerv_scaffold_48_24090,T31,5
Acerv_scaffold_48_24090,T32,1
Acerv_scaffold_48_24090,T33,4
Acerv_scaffold_48_24090,T34,14
Acerv_scaffold_48_24090,T35,12
Acerv_scaffold_48_24090,T36,7
Acerv_scaffold_48_24090,T37,3
Acerv_scaffold_48_24090,T38,14
Acerv_scaffold_48_24090,T39,7
Acerv_scaffold_48_24090,T71,6
Acerv_scaffold_48_24090,T72,14
Acerv_scaffold_48_24090,T73,36
Acerv_scaffold_48_24090,T74,106
Acerv_scaffold_48_24090,T75,23
Acerv_scaffold_48_24090,T76,6
Acerv_scaffold_48_24090,T77,27
Acerv_scaffold_48_24090,T78,5
Acerv_scaffold_48_24090,T79,15
Acerv_scaffold_49_24339,310,15436
Acerv_scaffold_49_24339,311,8549
Acerv_scaffold_49_24339,312,43019
Acerv_scaffold_49_24339,313,23838
Acerv_scaffold_49_24339,314,14809
Acerv_scaffold_49_24339,315,19603
Acerv_scaffold_49_24339,316,31415
Acerv_scaffold_49_24339,317,54730
Acerv_scaffold_49_24339,318,16941
Acerv_scaffold_49_24339,319,39103
Acerv_scaffold_49_24339,320,49672
Acerv_scaffold_49_24339,321,23212
Acerv_scaffold_49_24339,322,28270
Acerv_scaffold_49_24339,323,15810
Acerv_scaffold_49_24339,324,45072
Acerv_scaffold_49_24339,710,25856
Acerv_scaffold_49_24339,711,18507
Acerv_scaffold_49_24339,712,72577
Acerv_scaffold_49_24339,713,46458
Acerv_scaffold_49_24339,714,83086
Acerv_scaffold_49_24339,715,33462
Acerv_scaffold_49_24339,716,41318
Acerv_scaffold_49_24339,717,84568
Acerv_scaffold_49_24339,718,170243
Acerv_scaffold_49_24339,719,17120
Acerv_scaffold_49_24339,720,48962
Acerv_scaffold_49_24339,721,47442
Acerv_scaffold_49_24339,722,19724
Acerv_scaffold_49_24339,723,192052
Acerv_scaffold_49_24339,724,47335
Acerv_scaffold_49_24339,T31,36344
Acerv_scaffold_49_24339,T32,27677
Acerv_scaffold_49_24339,T33,23457
Acerv_scaffold_49_24339,T34,63694
Acerv_scaffold_49_24339,T35,45932
Acerv_scaffold_49_24339,T36,51134
Acerv_scaffold_49_24339,T37,41633
Acerv_scaffold_49_24339,T38,57587
Acerv_scaffold_49_24339,T39,45754
Acerv_scaffold_49_24339,T71,18477
Acerv_scaffold_49_24339,T72,63493
Acerv_scaffold_49_24339,T73,36592
Acerv_scaffold_49_24339,T74,158960
Acerv_scaffold_49_24339,T75,62639
Acerv_scaffold_49_24339,T76,14124
Acerv_scaffold_49_24339,T77,51757
Acerv_scaffold_49_24339,T78,7828
Acerv_scaffold_49_24339,T79,42859
Acerv_scaffold_4_2537,312,1
Acerv_scaffold_4_2537,314,2
Acerv_scaffold_4_2537,315,2
Acerv_scaffold_4_2537,316,2
Acerv_scaffold_4_2537,317,4
Acerv_scaffold_4_2537,319,4
Acerv_scaffold_4_2537,320,3
Acerv_scaffold_4_2537,322,1
Acerv_scaffold_4_2537,324,1
Acerv_scaffold_4_2537,710,1
Acerv_scaffold_4_2537,711,2
Acerv_scaffold_4_2537,712,4
Acerv_scaffold_4_2537,713,2
Acerv_scaffold_4_2537,714,5
Acerv_scaffold_4_2537,715,7
Acerv_scaffold_4_2537,716,1
Acerv_scaffold_4_2537,717,7
Acerv_scaffold_4_2537,718,20
Acerv_scaffold_4_2537,719,2
Acerv_scaffold_4_2537,720,4
Acerv_scaffold_4_2537,721,3
Acerv_scaffold_4_2537,722,1
Acerv_scaffold_4_2537,723,15
Acerv_scaffold_4_2537,724,1
Acerv_scaffold_4_2537,T35,4
Acerv_scaffold_4_2537,T36,2
Acerv_scaffold_4_2537,T37,1
Acerv_scaffold_4_2537,T38,2
Acerv_scaffold_4_2537,T39,4
Acerv_scaffold_4_2537,T72,2
Acerv_scaffold_4_2537,T73,5
Acerv_scaffold_4_2537,T74,11
Acerv_scaffold_4_2537,T75,4
Acerv_scaffold_4_2537,T76,2
Acerv_scaffold_4_2537,T77,1
Acerv_scaffold_4_2537,T78,2
Acerv_scaffold_4_2537,T79,2
Acerv_scaffold_50_24648,310,183
Acerv_scaffold_50_24648,311,70
Acerv_scaffold_50_24648,312,460
Acerv_scaffold_50_24648,313,52
Acerv_scaffold_50_24648,314,254
Acerv_scaffold_50_24648,315,131
Acerv_scaffold_50_24648,316,269
Acerv_scaffold_50_24648,317,501
Acerv_scaffold_50_24648,318,57
Acerv_scaffold_50_24648,319,392
Acerv_scaffold_50_24648,320,303
Acerv_scaffold_50_24648,321,122
Acerv_scaffold_50_24648,322,233
Acerv_scaffold_50_24648,323,148
Acerv_scaffold_50_24648,324,283
Acerv_scaffold_50_24648,710,427
Acerv_scaffold_50_24648,711,291
Acerv_scaffold_50_24648,712,1079
Acerv_scaffold_50_24648,713,754
Acerv_scaffold_50_24648,714,1403
Acerv_scaffold_50_24648,715,564
Acerv_scaffold_50_24648,716,630
Acerv_scaffold_50_24648,717,1242
Acerv_scaffold_50_24648,718,3393
Acerv_scaffold_50_24648,719,335
Acerv_scaffold_50_24648,720,939
Acerv_scaffold_50_24648,721,932
Acerv_scaffold_50_24648,722,305
Acerv_scaffold_50_24648,723,4091
Acerv_scaffold_50_24648,724,1078
Acerv_scaffold_50_24648,T31,177
Acerv_scaffold_50_24648,T32,95
Acerv_scaffold_50_24648,T33,270
Acerv_scaffold_50_24648,T34,823
Acerv_scaffold_50_24648,T35,394
Acerv_scaffold_50_24648,T36,435
Acerv_scaffold_50_24648,T37,264
Acerv_scaffold_50_24648,T38,324
Acerv_scaffold_50_24648,T39,470
Acerv_scaffold_50_24648,T71,401
Acerv_scaffold_50_24648,T72,896
Acerv_scaffold_50_24648,T73,758
Acerv_scaffold_50_24648,T74,3325
Acerv_scaffold_50_24648,T75,1390
Acerv_scaffold_50_24648,T76,328
Acerv_scaffold_50_24648,T77,1385
Acerv_scaffold_50_24648,T78,240
Acerv_scaffold_50_24648,T79,612
Acerv_scaffold_51_24751,310,3
Acerv_scaffold_51_24751,312,10
Acerv_scaffold_51_24751,313,4
Acerv_scaffold_51_24751,314,5
Acerv_scaffold_51_24751,315,6
Acerv_scaffold_51_24751,316,3
Acerv_scaffold_51_24751,317,13
Acerv_scaffold_51_24751,318,1
Acerv_scaffold_51_24751,319,7
Acerv_scaffold_51_24751,320,5
Acerv_scaffold_51_24751,321,1
Acerv_scaffold_51_24751,322,1
Acerv_scaffold_51_24751,323,3
Acerv_scaffold_51_24751,324,6
Acerv_scaffold_51_24751,710,8
Acerv_scaffold_51_24751,711,5
Acerv_scaffold_51_24751,712,19
Acerv_scaffold_51_24751,713,10
Acerv_scaffold_51_24751,714,23
Acerv_scaffold_51_24751,715,19
Acerv_scaffold_51_24751,716,17
Acerv_scaffold_51_24751,717,20
Acerv_scaffold_51_24751,718,67
Acerv_scaffold_51_24751,719,7
Acerv_scaffold_51_24751,720,16
Acerv_scaffold_51_24751,721,19
Acerv_scaffold_51_24751,722,6
Acerv_scaffold_51_24751,723,68
Acerv_scaffold_51_24751,724,20
Acerv_scaffold_51_24751,T31,4
Acerv_scaffold_51_24751,T32,5
Acerv_scaffold_51_24751,T33,2
Acerv_scaffold_51_24751,T34,23
Acerv_scaffold_51_24751,T35,15
Acerv_scaffold_51_24751,T36,7
Acerv_scaffold_51_24751,T37,10
Acerv_scaffold_51_24751,T38,8
Acerv_scaffold_51_24751,T39,10
Acerv_scaffold_51_24751,T71,7
Acerv_scaffold_51_24751,T72,15
Acerv_scaffold_51_24751,T73,7
Acerv_scaffold_51_24751,T74,68
Acerv_scaffold_51_24751,T75,30
Acerv_scaffold_51_24751,T76,10
Acerv_scaffold_51_24751,T77,16
Acerv_scaffold_51_24751,T78,5
Acerv_scaffold_51_24751,T79,15
Acerv_scaffold_52_25695,310,436
Acerv_scaffold_52_25695,311,87
Acerv_scaffold_52_25695,312,1450
Acerv_scaffold_52_25695,313,44
Acerv_scaffold_52_25695,314,1027
Acerv_scaffold_52_25695,315,264
Acerv_scaffold_52_25695,316,832
Acerv_scaffold_52_25695,317,1030
Acerv_scaffold_52_25695,318,71
Acerv_scaffold_52_25695,319,1140
Acerv_scaffold_52_25695,320,685
Acerv_scaffold_52_25695,321,340
Acerv_scaffold_52_25695,322,799
Acerv_scaffold_52_25695,323,678
Acerv_scaffold_52_25695,324,689
Acerv_scaffold_52_25695,710,1661
Acerv_scaffold_52_25695,711,913
Acerv_scaffold_52_25695,712,2450
Acerv_scaffold_52_25695,713,2656
Acerv_scaffold_52_25695,714,4180
Acerv_scaffold_52_25695,715,1501
Acerv_scaffold_52_25695,716,2031
Acerv_scaffold_52_25695,717,3761
Acerv_scaffold_52_25695,718,7833
Acerv_scaffold_52_25695,719,1431
Acerv_scaffold_52_25695,720,3109
Acerv_scaffold_52_25695,721,1879
Acerv_scaffold_52_25695,722,768
Acerv_scaffold_52_25695,723,13236
Acerv_scaffold_52_25695,724,3443
Acerv_scaffold_52_25695,T31,177
Acerv_scaffold_52_25695,T32,146
Acerv_scaffold_52_25695,T33,423
Acerv_scaffold_52_25695,T34,2442
Acerv_scaffold_52_25695,T35,949
Acerv_scaffold_52_25695,T36,1130
Acerv_scaffold_52_25695,T37,775
Acerv_scaffold_52_25695,T38,668
Acerv_scaffold_52_25695,T39,793
Acerv_scaffold_52_25695,T71,1267
Acerv_scaffold_52_25695,T72,3525
Acerv_scaffold_52_25695,T73,2326
Acerv_scaffold_52_25695,T74,11100
Acerv_scaffold_52_25695,T75,5762
Acerv_scaffold_52_25695,T76,1009
Acerv_scaffold_52_25695,T77,3379
Acerv_scaffold_52_25695,T78,868
Acerv_scaffold_52_25695,T79,1711
Acerv_scaffold_52_25822,310,8473
Acerv_scaffold_52_25822,311,2532
Acerv_scaffold_52_25822,312,30460
Acerv_scaffold_52_25822,313,1335
Acerv_scaffold_52_25822,314,19936
Acerv_scaffold_52_25822,315,6193
Acerv_scaffold_52_25822,316,15882
Acerv_scaffold_52_25822,317,16503
Acerv_scaffold_52_25822,318,1741
Acerv_scaffold_52_25822,319,29402
Acerv_scaffold_52_25822,320,11900
Acerv_scaffold_52_25822,321,6602
Acerv_scaffold_52_25822,322,18013
Acerv_scaffold_52_25822,323,13185
Acerv_scaffold_52_25822,324,11120
Acerv_scaffold_52_25822,710,20029
Acerv_scaffold_52_25822,711,15979
Acerv_scaffold_52_25822,712,37201
Acerv_scaffold_52_25822,713,33420
Acerv_scaffold_52_25822,714,66656
Acerv_scaffold_52_25822,715,29145
Acerv_scaffold_52_25822,716,33403
Acerv_scaffold_52_25822,717,74900
Acerv_scaffold_52_25822,718,155740
Acerv_scaffold_52_25822,719,26988
Acerv_scaffold_52_25822,720,51621
Acerv_scaffold_52_25822,721,40726
Acerv_scaffold_52_25822,722,18394
Acerv_scaffold_52_25822,723,240780
Acerv_scaffold_52_25822,724,46112
Acerv_scaffold_52_25822,T31,3523
Acerv_scaffold_52_25822,T32,2936
Acerv_scaffold_52_25822,T33,8039
Acerv_scaffold_52_25822,T34,44350
Acerv_scaffold_52_25822,T35,19762
Acerv_scaffold_52_25822,T36,27931
Acerv_scaffold_52_25822,T37,13159
Acerv_scaffold_52_25822,T38,11535
Acerv_scaffold_52_25822,T39,22696
Acerv_scaffold_52_25822,T71,11732
Acerv_scaffold_52_25822,T72,48679
Acerv_scaffold_52_25822,T73,45134
Acerv_scaffold_52_25822,T74,198250
Acerv_scaffold_52_25822,T75,77979
Acerv_scaffold_52_25822,T76,15839
Acerv_scaffold_52_25822,T77,56106
Acerv_scaffold_52_25822,T78,15121
Acerv_scaffold_52_25822,T79,28246
Acerv_scaffold_53_25934,310,154
Acerv_scaffold_53_25934,311,31
Acerv_scaffold_53_25934,312,276
Acerv_scaffold_53_25934,313,62
Acerv_scaffold_53_25934,314,146
Acerv_scaffold_53_25934,315,88
Acerv_scaffold_53_25934,316,155
Acerv_scaffold_53_25934,317,243
Acerv_scaffold_53_25934,318,32
Acerv_scaffold_53_25934,319,211
Acerv_scaffold_53_25934,320,252
Acerv_scaffold_53_25934,321,22
Acerv_scaffold_53_25934,322,154
Acerv_scaffold_53_25934,323,87
Acerv_scaffold_53_25934,324,169
Acerv_scaffold_53_25934,710,300
Acerv_scaffold_53_25934,711,176
Acerv_scaffold_53_25934,712,622
Acerv_scaffold_53_25934,713,380
Acerv_scaffold_53_25934,714,1148
Acerv_scaffold_53_25934,715,351
Acerv_scaffold_53_25934,716,366
Acerv_scaffold_53_25934,717,885
Acerv_scaffold_53_25934,718,2593
Acerv_scaffold_53_25934,719,185
Acerv_scaffold_53_25934,720,703
Acerv_scaffold_53_25934,721,657
Acerv_scaffold_53_25934,722,240
Acerv_scaffold_53_25934,723,3092
Acerv_scaffold_53_25934,724,531
Acerv_scaffold_53_25934,T31,72
Acerv_scaffold_53_25934,T32,66
Acerv_scaffold_53_25934,T33,93
Acerv_scaffold_53_25934,T34,406
Acerv_scaffold_53_25934,T35,276
Acerv_scaffold_53_25934,T36,161
Acerv_scaffold_53_25934,T37,140
Acerv_scaffold_53_25934,T38,237
Acerv_scaffold_53_25934,T39,341
Acerv_scaffold_53_25934,T71,148
Acerv_scaffold_53_25934,T72,432
Acerv_scaffold_53_25934,T73,547
Acerv_scaffold_53_25934,T74,2514
Acerv_scaffold_53_25934,T75,657
Acerv_scaffold_53_25934,T76,186
Acerv_scaffold_53_25934,T77,776
Acerv_scaffold_53_25934,T78,113
Acerv_scaffold_53_25934,T79,288
Acerv_scaffold_54_26073,310,2
Acerv_scaffold_54_26073,311,3
Acerv_scaffold_54_26073,312,16
Acerv_scaffold_54_26073,314,9
Acerv_scaffold_54_26073,315,3
Acerv_scaffold_54_26073,316,9
Acerv_scaffold_54_26073,317,4
Acerv_scaffold_54_26073,318,2
Acerv_scaffold_54_26073,319,8
Acerv_scaffold_54_26073,320,4
Acerv_scaffold_54_26073,321,2
Acerv_scaffold_54_26073,322,3
Acerv_scaffold_54_26073,323,3
Acerv_scaffold_54_26073,324,1
Acerv_scaffold_54_26073,710,6
Acerv_scaffold_54_26073,711,3
Acerv_scaffold_54_26073,712,40
Acerv_scaffold_54_26073,713,13
Acerv_scaffold_54_26073,714,30
Acerv_scaffold_54_26073,715,10
Acerv_scaffold_54_26073,716,36
Acerv_scaffold_54_26073,717,43
Acerv_scaffold_54_26073,718,46
Acerv_scaffold_54_26073,719,13
Acerv_scaffold_54_26073,720,26
Acerv_scaffold_54_26073,721,15
Acerv_scaffold_54_26073,722,14
Acerv_scaffold_54_26073,723,70
Acerv_scaffold_54_26073,724,18
Acerv_scaffold_54_26073,T31,1
Acerv_scaffold_54_26073,T32,2
Acerv_scaffold_54_26073,T33,3
Acerv_scaffold_54_26073,T34,23
Acerv_scaffold_54_26073,T35,2
Acerv_scaffold_54_26073,T36,5
Acerv_scaffold_54_26073,T37,6
Acerv_scaffold_54_26073,T38,5
Acerv_scaffold_54_26073,T39,3
Acerv_scaffold_54_26073,T71,8
Acerv_scaffold_54_26073,T72,34
Acerv_scaffold_54_26073,T73,29
Acerv_scaffold_54_26073,T74,60
Acerv_scaffold_54_26073,T75,54
Acerv_scaffold_54_26073,T76,17
Acerv_scaffold_54_26073,T77,18
Acerv_scaffold_54_26073,T78,4
Acerv_scaffold_54_26073,T79,18
Acerv_scaffold_57_26966,311,1
Acerv_scaffold_57_26966,312,2
Acerv_scaffold_57_26966,313,7
Acerv_scaffold_57_26966,314,6
Acerv_scaffold_57_26966,315,4
Acerv_scaffold_57_26966,316,19
Acerv_scaffold_57_26966,319,1
Acerv_scaffold_57_26966,320,16
Acerv_scaffold_57_26966,322,4
Acerv_scaffold_57_26966,323,3
Acerv_scaffold_57_26966,324,1
Acerv_scaffold_57_26966,710,10
Acerv_scaffold_57_26966,712,31
Acerv_scaffold_57_26966,713,20
Acerv_scaffold_57_26966,714,21
Acerv_scaffold_57_26966,716,1
Acerv_scaffold_57_26966,717,47
Acerv_scaffold_57_26966,719,4
Acerv_scaffold_57_26966,721,1
Acerv_scaffold_57_26966,722,6
Acerv_scaffold_57_26966,723,1
Acerv_scaffold_57_26966,T31,11
Acerv_scaffold_57_26966,T32,4
Acerv_scaffold_57_26966,T33,7
Acerv_scaffold_57_26966,T34,1
Acerv_scaffold_57_26966,T37,16
Acerv_scaffold_57_26966,T38,17
Acerv_scaffold_57_26966,T39,1
Acerv_scaffold_57_26966,T71,1
Acerv_scaffold_57_26966,T72,30
Acerv_scaffold_57_26966,T73,22
Acerv_scaffold_57_26966,T74,2
Acerv_scaffold_57_26966,T76,1
Acerv_scaffold_57_26966,T77,30
Acerv_scaffold_57_26966,T78,7
Acerv_scaffold_57_26966,T79,1
Acerv_scaffold_57_27039,310,30
Acerv_scaffold_57_27039,312,154
Acerv_scaffold_57_27039,313,1
Acerv_scaffold_57_27039,314,71
Acerv_scaffold_57_27039,315,23
Acerv_scaffold_57_27039,317,30
Acerv_scaffold_57_27039,318,1
Acerv_scaffold_57_27039,319,139
Acerv_scaffold_57_27039,321,27
Acerv_scaffold_57_27039,322,44
Acerv_scaffold_57_27039,323,4
Acerv_scaffold_57_27039,324,17
Acerv_scaffold_57_27039,711,37
Acerv_scaffold_57_27039,712,104
Acerv_scaffold_57_27039,714,4
Acerv_scaffold_57_27039,717,95
Acerv_scaffold_57_27039,718,250
Acerv_scaffold_57_27039,719,3
Acerv_scaffold_57_27039,720,174
Acerv_scaffold_57_27039,721,88
Acerv_scaffold_57_27039,722,88
Acerv_scaffold_57_27039,723,440
Acerv_scaffold_57_27039,724,103
Acerv_scaffold_57_27039,T31,6
Acerv_scaffold_57_27039,T33,35
Acerv_scaffold_57_27039,T34,104
Acerv_scaffold_57_27039,T35,41
Acerv_scaffold_57_27039,T36,115
Acerv_scaffold_57_27039,T38,23
Acerv_scaffold_57_27039,T39,39
Acerv_scaffold_57_27039,T71,36
Acerv_scaffold_57_27039,T73,117
Acerv_scaffold_57_27039,T74,362
Acerv_scaffold_57_27039,T75,158
Acerv_scaffold_57_27039,T76,12
Acerv_scaffold_57_27039,T77,155
Acerv_scaffold_57_27039,T78,23
Acerv_scaffold_57_27039,T79,141
Acerv_scaffold_64_30361,314,1
Acerv_scaffold_64_30361,319,1
Acerv_scaffold_64_30361,712,2
Acerv_scaffold_64_30361,714,2
Acerv_scaffold_64_30361,715,2
Acerv_scaffold_64_30361,716,2
Acerv_scaffold_64_30361,717,1
Acerv_scaffold_64_30361,718,4
Acerv_scaffold_64_30361,719,1
Acerv_scaffold_64_30361,720,3
Acerv_scaffold_64_30361,721,1
Acerv_scaffold_64_30361,722,1
Acerv_scaffold_64_30361,723,7
Acerv_scaffold_64_30361,724,1
Acerv_scaffold_64_30361,T34,2
Acerv_scaffold_64_30361,T38,1
Acerv_scaffold_64_30361,T72,1
Acerv_scaffold_64_30361,T73,2
Acerv_scaffold_64_30361,T74,5
Acerv_scaffold_64_30361,T75,4
Acerv_scaffold_64_30361,T78,1
Acerv_scaffold_66_30962,310,25
Acerv_scaffold_66_30962,311,5
Acerv_scaffold_66_30962,312,113
Acerv_scaffold_66_30962,313,5
Acerv_scaffold_66_30962,314,64
Acerv_scaffold_66_30962,315,23
Acerv_scaffold_66_30962,316,31
Acerv_scaffold_66_30962,317,21
Acerv_scaffold_66_30962,318,2
Acerv_scaffold_66_30962,319,94
Acerv_scaffold_66_30962,320,27
Acerv_scaffold_66_30962,321,10
Acerv_scaffold_66_30962,322,29
Acerv_scaffold_66_30962,323,50
Acerv_scaffold_66_30962,324,38
Acerv_scaffold_66_30962,710,107
Acerv_scaffold_66_30962,711,72
Acerv_scaffold_66_30962,712,232
Acerv_scaffold_66_30962,713,147
Acerv_scaffold_66_30962,714,266
Acerv_scaffold_66_30962,715,133
Acerv_scaffold_66_30962,716,209
Acerv_scaffold_66_30962,717,359
Acerv_scaffold_66_30962,718,766
Acerv_scaffold_66_30962,719,160
Acerv_scaffold_66_30962,720,263
Acerv_scaffold_66_30962,721,163
Acerv_scaffold_66_30962,722,88
Acerv_scaffold_66_30962,723,1354
Acerv_scaffold_66_30962,724,168
Acerv_scaffold_66_30962,T32,9
Acerv_scaffold_66_30962,T33,13
Acerv_scaffold_66_30962,T34,132
Acerv_scaffold_66_30962,T35,61
Acerv_scaffold_66_30962,T36,97
Acerv_scaffold_66_30962,T37,21
Acerv_scaffold_66_30962,T38,33
Acerv_scaffold_66_30962,T39,78
Acerv_scaffold_66_30962,T71,90
Acerv_scaffold_66_30962,T72,173
Acerv_scaffold_66_30962,T73,248
Acerv_scaffold_66_30962,T74,1182
Acerv_scaffold_66_30962,T75,404
Acerv_scaffold_66_30962,T76,65
Acerv_scaffold_66_30962,T77,249
Acerv_scaffold_66_30962,T78,66
Acerv_scaffold_66_30962,T79,132
Acerv_scaffold_69_31523,310,2410
Acerv_scaffold_69_31523,311,634
Acerv_scaffold_69_31523,312,7265
Acerv_scaffold_69_31523,313,366
Acerv_scaffold_69_31523,314,4030
Acerv_scaffold_69_31523,315,1687
Acerv_scaffold_69_31523,316,3621
Acerv_scaffold_69_31523,317,3154
Acerv_scaffold_69_31523,318,349
Acerv_scaffold_69_31523,319,7122
Acerv_scaffold_69_31523,320,2517
Acerv_scaffold_69_31523,321,1250
Acerv_scaffold_69_31523,322,2767
Acerv_scaffold_69_31523,323,2756
Acerv_scaffold_69_31523,324,2164
Acerv_scaffold_69_31523,710,5029
Acerv_scaffold_69_31523,711,3678
Acerv_scaffold_69_31523,712,13229
Acerv_scaffold_69_31523,713,9367
Acerv_scaffold_69_31523,714,14458
Acerv_scaffold_69_31523,715,6131
Acerv_scaffold_69_31523,716,11434
Acerv_scaffold_69_31523,717,22454
Acerv_scaffold_69_31523,718,41826
Acerv_scaffold_69_31523,719,6173
Acerv_scaffold_69_31523,720,14386
Acerv_scaffold_69_31523,721,9546
Acerv_scaffold_69_31523,722,4980
Acerv_scaffold_69_31523,723,52056
Acerv_scaffold_69_31523,724,15064
Acerv_scaffold_69_31523,T31,1309
Acerv_scaffold_69_31523,T32,707
Acerv_scaffold_69_31523,T33,2314
Acerv_scaffold_69_31523,T34,8585
Acerv_scaffold_69_31523,T35,4794
Acerv_scaffold_69_31523,T36,4879
Acerv_scaffold_69_31523,T37,2052
Acerv_scaffold_69_31523,T38,2535
Acerv_scaffold_69_31523,T39,3865
Acerv_scaffold_69_31523,T71,3955
Acerv_scaffold_69_31523,T72,13450
Acerv_scaffold_69_31523,T73,10000
Acerv_scaffold_69_31523,T74,42457
Acerv_scaffold_69_31523,T75,20511
Acerv_scaffold_69_31523,T76,2496
Acerv_scaffold_69_31523,T77,17057
Acerv_scaffold_69_31523,T78,2893
Acerv_scaffold_69_31523,T79,10041
Acerv_scaffold_6_3852,310,2
Acerv_scaffold_6_3852,312,6
Acerv_scaffold_6_3852,313,1
Acerv_scaffold_6_3852,314,2
Acerv_scaffold_6_3852,315,2
Acerv_scaffold_6_3852,316,3
Acerv_scaffold_6_3852,317,1
Acerv_scaffold_6_3852,318,3
Acerv_scaffold_6_3852,319,5
Acerv_scaffold_6_3852,322,3
Acerv_scaffold_6_3852,324,2
Acerv_scaffold_6_3852,710,3
Acerv_scaffold_6_3852,711,2
Acerv_scaffold_6_3852,712,8
Acerv_scaffold_6_3852,713,3
Acerv_scaffold_6_3852,714,3
Acerv_scaffold_6_3852,715,3
Acerv_scaffold_6_3852,716,3
Acerv_scaffold_6_3852,717,12
Acerv_scaffold_6_3852,718,16
Acerv_scaffold_6_3852,719,1
Acerv_scaffold_6_3852,720,11
Acerv_scaffold_6_3852,721,4
Acerv_scaffold_6_3852,722,2
Acerv_scaffold_6_3852,723,28
Acerv_scaffold_6_3852,724,1
Acerv_scaffold_6_3852,T31,1
Acerv_scaffold_6_3852,T32,1
Acerv_scaffold_6_3852,T33,1
Acerv_scaffold_6_3852,T34,5
Acerv_scaffold_6_3852,T35,14
Acerv_scaffold_6_3852,T36,4
Acerv_scaffold_6_3852,T37,1
Acerv_scaffold_6_3852,T38,7
Acerv_scaffold_6_3852,T39,1
Acerv_scaffold_6_3852,T71,4
Acerv_scaffold_6_3852,T72,5
Acerv_scaffold_6_3852,T73,6
Acerv_scaffold_6_3852,T74,25
Acerv_scaffold_6_3852,T75,5
Acerv_scaffold_6_3852,T76,3
Acerv_scaffold_6_3852,T77,4
Acerv_scaffold_6_3852,T79,7
Acerv_scaffold_72_32054,310,40
Acerv_scaffold_72_32054,311,16
Acerv_scaffold_72_32054,312,114
Acerv_scaffold_72_32054,313,3
Acerv_scaffold_72_32054,314,70
Acerv_scaffold_72_32054,315,34
Acerv_scaffold_72_32054,316,99
Acerv_scaffold_72_32054,317,70
Acerv_scaffold_72_32054,318,7
Acerv_scaffold_72_32054,319,121
Acerv_scaffold_72_32054,320,91
Acerv_scaffold_72_32054,321,10
Acerv_scaffold_72_32054,322,88
Acerv_scaffold_72_32054,323,59
Acerv_scaffold_72_32054,324,31
Acerv_scaffold_72_32054,710,63
Acerv_scaffold_72_32054,711,26
Acerv_scaffold_72_32054,712,58
Acerv_scaffold_72_32054,713,60
Acerv_scaffold_72_32054,714,129
Acerv_scaffold_72_32054,715,12
Acerv_scaffold_72_32054,716,11
Acerv_scaffold_72_32054,717,125
Acerv_scaffold_72_32054,718,247
Acerv_scaffold_72_32054,719,44
Acerv_scaffold_72_32054,720,85
Acerv_scaffold_72_32054,721,141
Acerv_scaffold_72_32054,722,34
Acerv_scaffold_72_32054,723,361
Acerv_scaffold_72_32054,724,185
Acerv_scaffold_72_32054,T31,28
Acerv_scaffold_72_32054,T32,39
Acerv_scaffold_72_32054,T33,37
Acerv_scaffold_72_32054,T34,157
Acerv_scaffold_72_32054,T35,94
Acerv_scaffold_72_32054,T36,25
Acerv_scaffold_72_32054,T37,59
Acerv_scaffold_72_32054,T38,47
Acerv_scaffold_72_32054,T39,79
Acerv_scaffold_72_32054,T71,19
Acerv_scaffold_72_32054,T72,117
Acerv_scaffold_72_32054,T73,70
Acerv_scaffold_72_32054,T74,328
Acerv_scaffold_72_32054,T75,61
Acerv_scaffold_72_32054,T76,11
Acerv_scaffold_72_32054,T77,113
Acerv_scaffold_72_32054,T78,14
Acerv_scaffold_72_32054,T79,56
Acerv_scaffold_72_32076,310,880
Acerv_scaffold_72_32076,311,294
Acerv_scaffold_72_32076,312,2134
Acerv_scaffold_72_32076,313,92
Acerv_scaffold_72_32076,314,1435
Acerv_scaffold_72_32076,315,714
Acerv_scaffold_72_32076,316,1103
Acerv_scaffold_72_32076,317,1236
Acerv_scaffold_72_32076,318,149
Acerv_scaffold_72_32076,319,2020
Acerv_scaffold_72_32076,320,707
Acerv_scaffold_72_32076,321,423
Acerv_scaffold_72_32076,322,1044
Acerv_scaffold_72_32076,323,1216
Acerv_scaffold_72_32076,324,704
Acerv_scaffold_72_32076,710,1190
Acerv_scaffold_72_32076,711,780
Acerv_scaffold_72_32076,712,3717
Acerv_scaffold_72_32076,713,2527
Acerv_scaffold_72_32076,714,6418
Acerv_scaffold_72_32076,715,1617
Acerv_scaffold_72_32076,716,3475
Acerv_scaffold_72_32076,717,4292
Acerv_scaffold_72_32076,718,9091
Acerv_scaffold_72_32076,719,2742
Acerv_scaffold_72_32076,720,5125
Acerv_scaffold_72_32076,721,3614
Acerv_scaffold_72_32076,722,2085
Acerv_scaffold_72_32076,723,11753
Acerv_scaffold_72_32076,724,5371
Acerv_scaffold_72_32076,T31,446
Acerv_scaffold_72_32076,T32,148
Acerv_scaffold_72_32076,T33,955
Acerv_scaffold_72_32076,T34,3675
Acerv_scaffold_72_32076,T35,1490
Acerv_scaffold_72_32076,T36,1699
Acerv_scaffold_72_32076,T37,812
Acerv_scaffold_72_32076,T38,954
Acerv_scaffold_72_32076,T39,1222
Acerv_scaffold_72_32076,T71,1428
Acerv_scaffold_72_32076,T72,4303
Acerv_scaffold_72_32076,T73,3863
Acerv_scaffold_72_32076,T74,10063
Acerv_scaffold_72_32076,T75,7538
Acerv_scaffold_72_32076,T76,878
Acerv_scaffold_72_32076,T77,4852
Acerv_scaffold_72_32076,T78,785
Acerv_scaffold_72_32076,T79,2574
Acerv_scaffold_79_33834,310,1
Acerv_scaffold_79_33834,311,1
Acerv_scaffold_79_33834,312,2
Acerv_scaffold_79_33834,314,2
Acerv_scaffold_79_33834,315,1
Acerv_scaffold_79_33834,316,5
Acerv_scaffold_79_33834,317,5
Acerv_scaffold_79_33834,318,1
Acerv_scaffold_79_33834,320,4
Acerv_scaffold_79_33834,322,6
Acerv_scaffold_79_33834,323,1
Acerv_scaffold_79_33834,324,2
Acerv_scaffold_79_33834,710,2
Acerv_scaffold_79_33834,712,2
Acerv_scaffold_79_33834,713,1
Acerv_scaffold_79_33834,714,8
Acerv_scaffold_79_33834,716,2
Acerv_scaffold_79_33834,718,6
Acerv_scaffold_79_33834,719,2
Acerv_scaffold_79_33834,720,4
Acerv_scaffold_79_33834,721,3
Acerv_scaffold_79_33834,722,3
Acerv_scaffold_79_33834,723,18
Acerv_scaffold_79_33834,724,6
Acerv_scaffold_79_33834,T31,2
Acerv_scaffold_79_33834,T32,3
Acerv_scaffold_79_33834,T33,2
Acerv_scaffold_79_33834,T34,11
Acerv_scaffold_79_33834,T35,3
Acerv_scaffold_79_33834,T36,1
Acerv_scaffold_79_33834,T37,7
Acerv_scaffold_79_33834,T38,1
Acerv_scaffold_79_33834,T39,3
Acerv_scaffold_79_33834,T71,4
Acerv_scaffold_79_33834,T72,12
Acerv_scaffold_79_33834,T73,2
Acerv_scaffold_79_33834,T74,10
Acerv_scaffold_79_33834,T75,7
Acerv_scaffold_79_33834,T76,1
Acerv_scaffold_79_33834,T77,4
Acerv_scaffold_79_33834,T78,1
Acerv_scaffold_84_34634,310,3
Acerv_scaffold_84_34634,312,12
Acerv_scaffold_84_34634,314,4
Acerv_scaffold_84_34634,316,2
Acerv_scaffold_84_34634,317,6
Acerv_scaffold_84_34634,319,9
Acerv_scaffold_84_34634,322,4
Acerv_scaffold_84_34634,323,1
Acerv_scaffold_84_34634,324,3
Acerv_scaffold_84_34634,710,1
Acerv_scaffold_84_34634,711,8
Acerv_scaffold_84_34634,712,12
Acerv_scaffold_84_34634,713,8
Acerv_scaffold_84_34634,714,23
Acerv_scaffold_84_34634,715,9
Acerv_scaffold_84_34634,716,9
Acerv_scaffold_84_34634,717,23
Acerv_scaffold_84_34634,718,34
Acerv_scaffold_84_34634,719,6
Acerv_scaffold_84_34634,720,12
Acerv_scaffold_84_34634,721,35
Acerv_scaffold_84_34634,722,3
Acerv_scaffold_84_34634,723,53
Acerv_scaffold_84_34634,724,24
Acerv_scaffold_84_34634,T34,5
Acerv_scaffold_84_34634,T35,3
Acerv_scaffold_84_34634,T36,3
Acerv_scaffold_84_34634,T37,3
Acerv_scaffold_84_34634,T38,4
Acerv_scaffold_84_34634,T39,4
Acerv_scaffold_84_34634,T71,5
Acerv_scaffold_84_34634,T72,14
Acerv_scaffold_84_34634,T73,8
Acerv_scaffold_84_34634,T74,50
Acerv_scaffold_84_34634,T75,22
Acerv_scaffold_84_34634,T76,7
Acerv_scaffold_84_34634,T77,6
Acerv_scaffold_84_34634,T78,5
Acerv_scaffold_84_34634,T79,20
Acerv_scaffold_8_5139,310,1
Acerv_scaffold_8_5139,312,2
Acerv_scaffold_8_5139,314,5
Acerv_scaffold_8_5139,315,1
Acerv_scaffold_8_5139,319,3
Acerv_scaffold_8_5139,321,1
Acerv_scaffold_8_5139,322,1
Acerv_scaffold_8_5139,323,2
Acerv_scaffold_8_5139,710,1
Acerv_scaffold_8_5139,711,1
Acerv_scaffold_8_5139,712,5
Acerv_scaffold_8_5139,713,4
Acerv_scaffold_8_5139,714,15
Acerv_scaffold_8_5139,715,2
Acerv_scaffold_8_5139,716,13
Acerv_scaffold_8_5139,717,6
Acerv_scaffold_8_5139,718,11
Acerv_scaffold_8_5139,719,6
Acerv_scaffold_8_5139,720,11
Acerv_scaffold_8_5139,721,8
Acerv_scaffold_8_5139,722,2
Acerv_scaffold_8_5139,723,33
Acerv_scaffold_8_5139,724,11
Acerv_scaffold_8_5139,T33,1
Acerv_scaffold_8_5139,T34,6
Acerv_scaffold_8_5139,T35,1
Acerv_scaffold_8_5139,T36,2
Acerv_scaffold_8_5139,T38,1
Acerv_scaffold_8_5139,T39,1
Acerv_scaffold_8_5139,T71,4
Acerv_scaffold_8_5139,T72,5
Acerv_scaffold_8_5139,T73,5
Acerv_scaffold_8_5139,T74,19
Acerv_scaffold_8_5139,T75,19
Acerv_scaffold_8_5139,T76,3
Acerv_scaffold_8_5139,T77,8
Acerv_scaffold_8_5139,T79,1
Acerv_scaffold_98_38275,310,410
Acerv_scaffold_98_38275,311,142
Acerv_scaffold_98_38275,312,814
Acerv_scaffold_98_38275,313,119
Acerv_scaffold_98_38275,314,312
Acerv_scaffold_98_38275,315,270
Acerv_scaffold_98_38275,316,390
Acerv_scaffold_98_38275,317,693
Acerv_scaffold_98_38275,318,220
Acerv_scaffold_98_38275,319,747
Acerv_scaffold_98_38275,320,650
Acerv_scaffold_98_38275,321,229
Acerv_scaffold_98_38275,322,502
Acerv_scaffold_98_38275,323,263
Acerv_scaffold_98_38275,324,415
Acerv_scaffold_98_38275,710,266
Acerv_scaffold_98_38275,711,237
Acerv_scaffold_98_38275,712,1133
Acerv_scaffold_98_38275,713,770
Acerv_scaffold_98_38275,714,1709
Acerv_scaffold_98_38275,715,509
Acerv_scaffold_98_38275,716,741
Acerv_scaffold_98_38275,717,1176
Acerv_scaffold_98_38275,718,2983
Acerv_scaffold_98_38275,719,390
Acerv_scaffold_98_38275,720,1657
Acerv_scaffold_98_38275,721,1547
Acerv_scaffold_98_38275,722,319
Acerv_scaffold_98_38275,723,3824
Acerv_scaffold_98_38275,724,1475
Acerv_scaffold_98_38275,T31,442
Acerv_scaffold_98_38275,T32,265
Acerv_scaffold_98_38275,T33,383
Acerv_scaffold_98_38275,T34,1381
Acerv_scaffold_98_38275,T35,886
Acerv_scaffold_98_38275,T36,694
Acerv_scaffold_98_38275,T37,360
Acerv_scaffold_98_38275,T38,522
Acerv_scaffold_98_38275,T39,611
Acerv_scaffold_98_38275,T71,420
Acerv_scaffold_98_38275,T72,1193
Acerv_scaffold_98_38275,T73,1341
Acerv_scaffold_98_38275,T74,3119
Acerv_scaffold_98_38275,T75,1840
Acerv_scaffold_98_38275,T76,258
Acerv_scaffold_98_38275,T77,1231
Acerv_scaffold_98_38275,T78,133
Acerv_scaffold_98_38275,T79,744
Acerv_scaffold_9_6161,310,229
Acerv_scaffold_9_6161,311,15
Acerv_scaffold_9_6161,312,1315
Acerv_scaffold_9_6161,313,768
Acerv_scaffold_9_6161,314,393
Acerv_scaffold_9_6161,315,294
Acerv_scaffold_9_6161,316,733
Acerv_scaffold_9_6161,317,862
Acerv_scaffold_9_6161,318,339
Acerv_scaffold_9_6161,319,1127
Acerv_scaffold_9_6161,320,1272
Acerv_scaffold_9_6161,321,343
Acerv_scaffold_9_6161,322,325
Acerv_scaffold_9_6161,323,211
Acerv_scaffold_9_6161,324,1245
Acerv_scaffold_9_6161,710,396
Acerv_scaffold_9_6161,711,297
Acerv_scaffold_9_6161,712,1269
Acerv_scaffold_9_6161,713,693
Acerv_scaffold_9_6161,714,655
Acerv_scaffold_9_6161,715,545
Acerv_scaffold_9_6161,716,633
Acerv_scaffold_9_6161,717,1080
Acerv_scaffold_9_6161,718,2353
Acerv_scaffold_9_6161,719,140
Acerv_scaffold_9_6161,720,716
Acerv_scaffold_9_6161,721,258
Acerv_scaffold_9_6161,722,130
Acerv_scaffold_9_6161,723,3340
Acerv_scaffold_9_6161,724,497
Acerv_scaffold_9_6161,T31,642
Acerv_scaffold_9_6161,T32,479
Acerv_scaffold_9_6161,T33,413
Acerv_scaffold_9_6161,T34,1585
Acerv_scaffold_9_6161,T35,1365
Acerv_scaffold_9_6161,T36,1017
Acerv_scaffold_9_6161,T37,903
Acerv_scaffold_9_6161,T38,919
Acerv_scaffold_9_6161,T39,1412
Acerv_scaffold_9_6161,T71,240
Acerv_scaffold_9_6161,T72,613
Acerv_scaffold_9_6161,T73,295
Acerv_scaffold_9_6161,T74,2767
Acerv_scaffold_9_6161,T75,1084
Acerv_scaffold_9_6161,T76,193
Acerv_scaffold_9_6161,T77,535
Acerv_scaffold_9_6161,T78,76
Acerv_scaffold_9_6161,T79,536
Acerv_scaffold_9_6292,316,1
Acerv_scaffold_9_6292,319,2
Acerv_scaffold_9_6292,323,3
Acerv_scaffold_9_6292,710,1
Acerv_scaffold_9_6292,712,1
Acerv_scaffold_9_6292,713,1
Acerv_scaffold_9_6292,714,1
Acerv_scaffold_9_6292,716,1
Acerv_scaffold_9_6292,717,1
Acerv_scaffold_9_6292,718,3
Acerv_scaffold_9_6292,720,1
Acerv_scaffold_9_6292,722,1
Acerv_scaffold_9_6292,723,3
Acerv_scaffold_9_6292,724,3
Acerv_scaffold_9_6292,T34,1
Acerv_scaffold_9_6292,T36,1
Acerv_scaffold_9_6292,T38,2
Acerv_scaffold_9_6292,T71,1
Acerv_scaffold_9_6292,T73,1
Acerv_scaffold_9_6292,T74,4
Acerv_scaffold_9_6292,T75,2
Acerv_scaffold_9_6292,T76,2
Acerv_scaffold_9_6292,T77,2